,country,survey,year,comp_upsec_v2_m,comp_upsec_2029_m
12,Afghanistan,MICS,2010.0,0.0556239,0.0388237
214,Albania,MICS,2000.0,0.4639577,0.505189
324,Albania,MICS,2005.0,0.4837849,0.4772122
465,Albania,DHS,2008.0,0.4697748,0.419894
629,Argentina,EPH,2004.0,0.6581544,0.6434053
970,Argentina,EPH,2012.0,0.7208602,0.7541661
1307,Armenia,DHS,2000.0,0.9102904,0.9344531
1533,Armenia,DHS,2005.0,0.8975831,0.8791915
1751,Armenia,DHS,2010.0,0.9655194,0.9593535
1967,Australia,HES-SIH,2010.0,0.8875344,0.8737542
1991,Austria,EU-SILC,2005.0,0.7985576,0.8640483
2027,Austria,EU-SILC,2013.0,0.8208846,0.857282
2115,Azerbaijan,MICS,2000.0,0.6345029,0.5713575
2450,Azerbaijan,DHS,2006.0,0.654684,0.5967978
2652,Bangladesh,DHS,1996.0,0.1429767,0.1140714
2825,Bangladesh,DHS,1999.0,0.1579638,0.1546615
3001,Bangladesh,DHS,2004.0,0.1535396,0.1541094
3183,Bangladesh,MICS,2006.0,0.1147239,0.1009462
3384,Bangladesh,DHS,2007.0,0.1404133,0.1612401
3558,Bangladesh,DHS,2011.0,0.2114424,0.1830648
3753,Bangladesh,MICS,2012.0,0.1650725,0.1235807
3951,Bangladesh,DHS,2014.0,0.2101098,0.1519146
4128,Barbados,MICS,2012.0,0.9776459,0.9671548
4234,Belarus,MICS,2005.0,0.726422,0.7505863
4404,Belarus,MICS,2012.0,0.8687346,0.907014
4573,Belgium,EU-SILC,2005.0,0.8807915,0.8888004
4606,Belgium,EU-SILC,2013.0,0.8462824,0.8536943
4656,Belize,MICS,2006.0,0.4623921,0.3307393
4808,Belize,MICS,2011.0,0.222539,0.218033
5001,Benin,DHS,1996.0,0.0076749,0.0054135
5217,Benin,DHS,2001.0,0.0173965,0.0167335
5446,Benin,DHS,2006.0,0.0664197,0.03696
5791,Benin,DHS,2011.0,0.0818742,0.067998
6138,Bhutan,MICS,2010.0,0.0507379,0.0557875
6503,"Bolivia, P. S.",DHS,1994.0,0.1227621,0.1253694
6615,"Bolivia, P. S.",DHS,1998.0,0.28424,0.2483481
6811,"Bolivia, P. S.",MICS,2000.0,0.4555857,0.4452896
6925,"Bolivia, P. S.",DHS,2003.0,0.4288881,0.3673742
7139,"Bolivia, P. S.",DHS,2008.0,0.5511068,0.4911129
7356,Bosnia and Herzegovina,MICS,2000.0,0.5285525,0.4851794
7446,Bosnia and Herzegovina,MICS,2006.0,0.5896295,0.5227985
7538,Bosnia and Herzegovina,MICS,2011.0,0.7637911,0.6645362
7661,Brazil,PNAD,1992.0,0.0710966,0.0919608
8138,Brazil,PNAD,1993.0,0.0732872,0.0948929
8617,Brazil,PNAD,1995.0,0.0810279,0.0980113
9101,Brazil,PNAD,1996.0,0.0789647,0.0990942
9593,Brazil,PNAD,1997.0,0.0910552,0.1043348
10091,Brazil,PNAD,1998.0,0.1021363,0.1110011
10589,Brazil,PNAD,1999.0,0.1038533,0.1150889
11100,Brazil,PNAD,2001.0,0.1157832,0.12763
11587,Brazil,PNAD,2002.0,0.1283112,0.1361945
12084,Brazil,PNAD,2003.0,0.1371268,0.1513354
12584,Brazil,PNAD,2004.0,0.1410746,0.1533494
13103,Brazil,PNAD,2005.0,0.1417011,0.1615303
13623,Brazil,PNAD,2006.0,0.1566216,0.1747556
14137,Brazil,PNAD,2007.0,0.1760716,0.1921416
14648,Brazil,PNAD,2008.0,0.1925022,0.2067114
15159,Brazil,PNAD,2009.0,0.1934877,0.216753
15682,Brazil,PNAD,2011.0,0.2104968,0.2326036
16192,Brazil,PNAD,2012.0,0.2209661,0.2530835
16650,Bulgaria,EU-SILC,2013.0,0.8353007,0.8415011
16700,Burkina Faso,DHS,1993.0,0.0136158,0.0132437
16894,Burkina Faso,DHS,1998.0,0.0113209,0.0118961
17107,Burkina Faso,DHS,2003.0,0.0335537,0.0258232
17457,Burkina Faso,MICS,2006.0,0.0169391,0.0216683
17799,Burkina Faso,DHS,2010.0,0.0176698,0.0181635
18146,Burundi,MICS,2000.0,0.0354839,0.0303605
18280,Burundi,MICS,2005.0,0.0304204,0.0233128
18435,Burundi,DHS,2010.0,0.028261,0.0339612
18607,Cambodia,DHS,2000.0,0.0265344,0.0298971
18993,Cambodia,DHS,2005.0,0.0784459,0.0567337
19393,Cambodia,DHS,2010.0,0.1313968,0.1063268
19796,Cambodia,DHS,2014.0,0.2040017,0.1651527
20179,Cameroon,DHS,1991.0,,0.0118235
20323,Cameroon,DHS,1998.0,0.05667,0.0513476
20571,Cameroon,MICS,2000.0,0.0466142,0.0472189
20767,Cameroon,DHS,2004.0,0.056737,0.0621117
21191,Cameroon,MICS,2006.0,0.1231433,0.094003
21531,Cameroon,DHS,2011.0,0.1107603,0.1063991
21942,Canada,SLID,2010.0,0.890604,0.9253659
21994,Central African Republic,DHS,1994.0,0.0077325,0.0101934
22203,Central African Republic,MICS,2000.0,0.0246196,0.022208
22560,Central African Republic,MICS,2006.0,0.0142738,0.0224667
22893,Central African Republic,MICS,2010.0,0.0421223,0.0451337
23287,Chad,DHS,1996.0,0.0057936,0.003157
23606,Chad,MICS,2000.0,0.0117327,0.0113748
23686,Chad,DHS,2004.0,0.0174943,0.01331
23953,Chad,MICS,2010.0,0.0360358,0.0321315
24374,Chile,CASEN,2000.0,0.3428672,0.3101232
24683,Chile,CASEN,2011.0,0.5249618,0.4684373
25042,China,CFPS,2010.0,0.4191636,0.3854732
25257,Colombia,DHS,1990.0,0.3413882,0.3392346
25399,Colombia,DHS,1995.0,0.3876809,0.3770091
25540,Colombia,DHS,2000.0,0.5518643,0.4907472
25682,Colombia,DHS,2005.0,0.6266422,0.5935792
25840,Colombia,DHS,2010.0,0.6721719,0.6692513
25987,Comoros,MICS,2000.0,0.0400213,0.047475
26091,Comoros,DHS,2012.0,0.2868203,0.2697969
26249,Congo,DHS,2005.0,0.0458285,0.0685142
26538,Congo,DHS,2011.0,0.1432856,0.1406731
26838,Costa Rica,MICS,2011.0,0.3633031,0.3063758
27028,Côte d'Ivoire,DHS,1994.0,0.0238011,0.0153213
27238,Côte d'Ivoire,DHS,1998.0,0.0736853,0.0765766
27324,Côte d'Ivoire,MICS,2000.0,0.0721676,0.0540616
27605,Côte d'Ivoire,MICS,2006.0,0.0793187,0.063461
28003,Côte d'Ivoire,DHS,2011.0,0.1303453,0.1133169
28237,Croatia,EU-SILC,2013.0,0.9394767,0.9522814
28271,Cyprus,EU-SILC,2005.0,0.9322059,0.9075826
28305,Cyprus,EU-SILC,2013.0,0.9669187,0.9382939
28346,Czech Republic,EU-SILC,2005.0,0.885566,0.9004871
28387,Czech Republic,EU-SILC,2013.0,0.90277,0.8888694
28428,D. R. Congo,MICS,2000.0,0.0738311,0.0639983
28672,D. R. Congo,DHS,2007.0,0.1205074,0.1315926
28945,D. R. Congo,MICS,2010.0,0.105135,0.1105515
29228,D. R. Congo,DHS,2013.0,0.2458167,0.176335
29521,Denmark,EU-SILC,2005.0,0.7116417,0.7713253
29555,Denmark,EU-SILC,2013.0,0.7787316,0.752994
29587,Djibouti,MICS,2006.0,0.1671304,0.1129216
29675,Dominican Republic,DHS,1991.0,0.3991489,0.3760083
29870,Dominican Republic,DHS,1996.0,0.3391775,0.3428165
30067,Dominican Republic,DHS,1999.0,0.4722576,0.4040743
30212,Dominican Republic,DHS,2002.0,0.4669428,0.4470462
30829,Dominican Republic,DHS,2007.0,0.5053096,0.4716363
31397,Dominican Republic,DHS,2013.0,0.6863071,0.6423241
31613,Ecuador,ENEMDU,2000.0,0.4815273,0.4564953
31739,Ecuador,ENEMDU,2013.0,0.6774547,0.6304998
31866,Egypt,DHS,1992.0,0.418961,0.3662613
32007,Egypt,DHS,1995.0,0.4402691,0.4105652
32169,Egypt,DHS,2000.0,0.5642073,0.4784148
32330,Egypt,DHS,2005.0,0.6203551,0.5713081
32475,Egypt,DHS,2008.0,0.6811084,0.6242185
32634,Egypt,DHS,2014.0,0.6947726,0.6763728
32781,Estonia,EU-SILC,2005.0,0.8606007,0.8501763
32814,Estonia,EU-SILC,2013.0,0.8148727,0.8664548
32878,Ethiopia,DHS,2000.0,0.0491334,0.0493941
33231,Ethiopia,DHS,2005.0,0.0894106,0.0652974
33617,Ethiopia,DHS,2011.0,0.1207962,0.0836697
34001,Finland,EU-SILC,2005.0,0.8258635,0.8785793
34038,Finland,EU-SILC,2013.0,0.8657002,0.9008763
34093,France,EU-SILC,2005.0,0.812363,0.8572935
34148,France,EU-SILC,2013.0,0.8554688,0.8977556
34198,Gabon,DHS,2000.0,0.0826089,0.1026501
34391,Gabon,DHS,2012.0,0.1255547,0.1782158
34629,Gambia,MICS,2000.0,0.0739357,0.0492457
34801,Gambia,MICS,2005.0,0.1492265,0.1367728
35018,Gambia,DHS,2013.0,0.2675677,0.2181882
35244,Georgia,MICS,2005.0,0.7852468,0.7628022
35470,Georgia,IHS ,2013.0,0.96034,0.9530585
35506,Germany,EU-SILC,2005.0,0.8616896,0.867264
35538,Germany,EU-SILC,2013.0,0.7812474,0.8305364
35595,Ghana,DHS,1993.0,0.1,0.0806754
35846,Ghana,DHS,1998.0,0.1877794,0.147612
36085,Ghana,DHS,2003.0,0.1721514,0.1463648
36351,Ghana,MICS,2006.0,0.0944027,0.0874453
36631,Ghana,DHS,2008.0,0.2670463,0.222732
36925,Ghana,MICS,2011.0,0.3447798,0.2645201
37222,Ghana,DHS,2014.0,0.3524371,0.3194334
37490,Greece,EU-SILC,2013.0,0.9393123,0.9228371
37534,Guatemala,ENCOVI,2000.0,0.1723858,0.152712
37754,Guatemala,ENCOVI,2011.0,0.2407728,0.2207645
37972,Guinea,DHS,1999.0,0.020051,0.0259319
38152,Guinea,DHS,2005.0,0.0235252,0.0164834
38377,Guinea,DHS,2012.0,0.1013323,0.0877941
38584,Guinea-Bissau,MICS,2000.0,0.0429861,0.0307167
38782,Guinea-Bissau,MICS,2006.0,0.1020782,0.0808491
38947,Guyana,MICS,2000.0,0.0691975,0.0869186
39134,Guyana,MICS,2006.0,0.0897886,0.0849699
39334,Guyana,DHS,2009.0,0.1186352,0.1274769
39542,Haiti,DHS,1994.0,0.0732226,0.0496828
39661,Haiti,DHS,2000.0,0.050868,0.0402303
39898,Haiti,DHS,2005.0,0.1432559,0.1117611
40136,Haiti,DHS,2012.0,0.1254264,0.1143268
40388,Honduras,DHS,2005.0,0.2301787,0.2172732
40725,Honduras,DHS,2011.0,0.4299868,0.4153574
41057,Hungary,EU-SILC,2005.0,0.7993176,0.8417296
41093,Hungary,EU-SILC,2013.0,0.8531663,0.8494456
41127,Iceland,EU-SILC,2005.0,0.6718005,0.6508641
41161,Iceland,EU-SILC,2013.0,0.7209698,0.6803396
41216,India,DHS,1992.0,0.1175379,0.1288842
41711,India,DHS,1998.0,0.3665842,0.4040838
42267,India,DHS,2005.0,0.2971801,0.2804662
42268,India,HDS,2005.0,0.191293,0.1732126
43364,India,HDS,2011.0,0.3363749,0.2735314
43846,Indonesia,DHS,1991.0,0.2556529,0.2071228
44057,Indonesia,DHS,1994.0,0.3062833,0.2659698
44590,Indonesia,DHS,1997.0,0.2910458,0.28463
45124,Indonesia,DHS,2002.0,0.3860829,0.353978
45661,Indonesia,DHS,2007.0,0.4342392,0.399256
46315,Indonesia,DHS,2012.0,0.4954351,0.4717
46935,Iraq,MICS,2000.0,0.1652474,0.1805734
47256,Iraq,MICS,2006.0,0.1369729,0.1204243
47624,Iraq,MICS,2011.0,0.1885187,0.1560385
48009,Israel,HES,2012.0,0.9271277,0.9365695
48049,Italy,EU-SILC,2005.0,0.7625697,0.7499782
48087,Italy,EU-SILC,2013.0,0.8798065,0.8508267
48117,Jamaica,MICS,2005.0,0.8248712,0.7320808
48169,Jamaica,MICS,2011.0,0.8134969,0.7676497
48225,Jordan,DHS,1997.0,0.5206421,0.4334171
48333,Jordan,DHS,2002.0,0.6058364,0.550454
48441,Jordan,DHS,2007.0,0.637011,0.5878685
48549,Jordan,DHS,2012.0,0.6721008,0.6238796
48659,Kazakhstan,DHS,1995.0,0.5257171,0.4638488
48787,Kazakhstan,DHS,1999.0,0.7249695,0.6155424
48932,Kazakhstan,MICS,2006.0,0.9286796,0.917232
49196,Kazakhstan,MICS,2010.0,0.9445962,0.9305217
49482,Kenya,DHS,1993.0,0.0857408,0.0893042
49709,Kenya,DHS,1998.0,0.2763992,0.2564103
49931,Kenya,MICS,2000.0,0.2296006,0.2318335
50122,Kenya,DHS,2008.0,0.3092913,0.2775398
50367,Kenya,DHS,2014.0,0.4055642,0.3725677
50641,Kyrgyzstan,DHS,1997.0,0.1677785,0.1608281
50762,Kyrgyzstan,MICS,2005.0,0.7878332,0.7176547
50943,Kyrgyzstan,DHS,2012.0,0.8718309,0.8784413
51119,Kyrgyzstan,MICS,2014.0,0.8269715,0.8477988
51291,Lao PDR,MICS,2000.0,0.0794944,0.0913006
51404,Lao PDR,MICS,2006.0,,
51549,Lao PDR,MICS,2011.0,0.2547118,0.2147857
51899,Latvia,EU-SILC,2005.0,0.8784947,0.8278928
51932,Latvia,EU-SILC,2013.0,0.8931139,0.8651525
51966,Lesotho,MICS,2000.0,0.1405295,0.1503644
52092,Lesotho,DHS,2004.0,0.1723757,0.1600353
52327,Lesotho,DHS,2009.0,0.2113028,0.2069275
52576,Liberia,DHS,2007.0,0.080454,0.1001804
52766,Liberia,DHS,2013.0,0.1520956,0.160397
52970,Lithuania,EU-SILC,2005.0,0.9099345,0.8721823
53004,Lithuania,EU-SILC,2013.0,0.9553266,0.9158549
53038,Luxembourg,EU-SILC,2005.0,0.7064939,0.6983062
53072,Luxembourg,EU-SILC,2013.0,0.6325169,0.7162647
53108,Madagascar,DHS,1992.0,0.0424744,0.055324
53266,Madagascar,DHS,1997.0,0.0269998,0.036093
53430,Madagascar,DHS,2003.0,0.1159405,0.0959827
53623,Madagascar,DHS,2008.0,0.0622688,0.065307
54036,Malawi,DHS,1992.0,0.0312878,0.0303353
54156,Malawi,DHS,2000.0,0.0969553,0.0913889
54336,Malawi,DHS,2004.0,0.1275966,0.1156822
54519,Malawi,DHS,2010.0,0.1540519,0.1458109
54704,Malawi,MICS,2013.0,0.0767745,0.0955992
54871,Maldives,DHS,2009.0,0.6906641,0.6427341
55029,Mali,DHS,1995.0,0.0039383,0.0033213
55262,Mali,DHS,2001.0,0.0290077,0.0234857
55527,Mali,DHS,2006.0,0.0231952,0.0221946
55799,Mali,DHS,2012.0,0.0904476,0.0594516
55996,Malta,EU-SILC,2013.0,0.8244391,0.7321546
56033,Mauritania,MICS,2007.0,0.0823902,0.0759988
56271,Mauritania,MICS,2011.0,0.1226672,0.1112195
56504,Mexico,ENIGH,2000.0,0.6609502,0.6308064
56696,Mexico,ENIGH,2012.0,0.5429539,0.5078565
56777,Mongolia,MICS,2000.0,0.2759563,0.3331507
56933,Mongolia,MICS,2005.0,0.3770267,0.3529682
57122,Mongolia,MICS,2010.0,0.7508681,0.5790189
57365,Montenegro,MICS,2005.0,0.706219,0.6903882
57491,Montenegro,MICS,2013.0,0.8655139,0.8191502
57618,Morocco,DHS,2003.0,0.1735891,0.1542922
57910,Morocco,HYS,2009.0,0.1645871,0.1414306
58047,Mozambique,DHS,1997.0,0.0025885,0.0032081
58348,Mozambique,DHS,2003.0,0.0111354,0.0135103
58661,Mozambique,MICS,2008.0,0.0365878,0.0318768
58919,Mozambique,DHS,2011.0,0.0227863,0.0252758
59244,Namibia,DHS,1992.0,0.0848107,0.1012216
59370,Namibia,DHS,2000.0,0.2299994,0.2248863
59657,Namibia,DHS,2006.0,0.2434025,0.2619259
59949,Namibia,DHS,2013.0,0.3629807,0.3334233
60241,Nepal,DHS,1996.0,0.0894752,0.0847934
60412,Nepal,DHS,2001.0,0.1143406,0.1009229
60703,Nepal,DHS,2006.0,0.1768656,0.1353796
61036,Nepal,DHS,2011.0,0.3668851,0.2813588
61270,Nepal,MICS,2014.0,0.4562842,0.3660256
61532,Netherlands,EU-SILC,2005.0,0.7571442,0.8095745
61559,Netherlands,EU-SILC,2013.0,0.8115512,0.8680688
61600,Nicaragua,DHS,1998.0,0.2333365,0.2412902
61939,Nicaragua,DHS,2001.0,0.1470987,0.1418408
61940,Nicaragua,ENMV,2001.0,0.1566528,0.1228064
62364,Nicaragua,ENMV,2009.0,0.2047387,0.1841047
62487,Niger,DHS,1992.0,0.0025578,0.0038462
62696,Niger,DHS,1998.0,0.0042673,0.005891
62884,Niger,MICS,2000.0,0.0093314,0.0069616
63066,Niger,DHS,2006.0,0.0057668,0.0056663
63297,Niger,DHS,2012.0,0.0091795,0.0113634
63512,Nigeria,DHS,1999.0,0.214542,0.2090023
63709,Nigeria,DHS,2003.0,0.2452291,0.2436612
64018,Nigeria,DHS,2008.0,0.2402789,0.2421818
64340,Nigeria,MICS,2011.0,0.4382281,0.429878
65132,Nigeria,DHS,2013.0,0.3500165,0.3608789
65815,Norway,EU-SILC,2005.0,0.9482915,0.9481636
65849,Norway,EU-SILC,2013.0,0.6845695,0.7588925
65883,Pakistan,DHS,1990.0,0.1285766,0.1228577
66009,Pakistan,DHS,2006.0,0.2540511,0.2593646
66154,Pakistan,DHS,2012.0,0.1799559,0.1702996
66381,Palestine,MICS,2010.0,0.7025052,0.5903807
66690,Palestine,MICS,2014.0,0.7243869,0.6945231
66946,Panama,MICS,2013.0,0.6783332,0.6617184
67163,Peru,DHS,1991.0,0.6237211,0.570416
67451,Peru,DHS,1996.0,0.5819696,0.5460111
67913,Peru,DHS,2000.0,0.6256656,0.5824912
68373,Peru,DHS,2007.0,0.6779714,0.6570551
68848,Peru,DHS,2012.0,0.7293421,0.6961026
69264,Philippines,DHS,1993.0,0.6473055,0.6180633
69556,Philippines,DHS,1998.0,0.7112795,0.680281
69896,Philippines,DHS,2003.0,0.7359059,0.709353
70280,Philippines,DHS,2008.0,0.77641,0.7626677
70592,Philippines,DHS,2013.0,0.8085178,0.7892672
70919,Poland,EU-SILC,2005.0,0.8945204,0.9282737
70958,Poland,EU-SILC,2013.0,0.8777927,0.9393651
70991,Portugal,EU-SILC,2005.0,0.5502852,0.6008141
71024,Portugal,EU-SILC,2013.0,0.7073125,0.7277631
71056,Republic of Moldova,MICS,2000.0,0.4036053,0.2994583
71150,Republic of Moldova,DHS,2005.0,0.6136687,0.6050096
71296,Republic of Moldova,MICS,2012.0,0.7131266,0.6480044
71431,Romania,EU-SILC,2013.0,0.8491434,0.7844293
71500,Russian Fed.,RLMS-HSE,2013.0,0.8691014,0.8937451
71545,Rwanda,DHS,1992.0,0.0352138,0.029042
71714,Rwanda,DHS,2000.0,0.0332481,0.0401263
71980,Rwanda,DHS,2005.0,0.0428034,0.0460477
72260,Rwanda,DHS,2010.0,0.0803456,0.0685871
72418,Saint Lucia,MICS,2012.0,0.8459091,0.80182
72457,Sao Tome and Principe,MICS,2000.0,0.0225535,0.0304697
72561,Sao Tome and Principe,DHS,2008.0,,
72710,Senegal,DHS,1992.0,0.0321168,0.0207814
72870,Senegal,DHS,2005.0,0.0217826,0.0230321
73155,Senegal,DHS,2010.0,0.0504737,0.0477319
73490,Senegal,DHS,2014.0,0.0516209,0.0465192
73778,Serbia,MICS,2005.0,0.7027906,0.6615376
73969,Serbia,MICS,2010.0,0.7394897,0.7100167
74095,Serbia,MICS,2014.0,0.8108367,0.7547932
74235,Sierra Leone,MICS,2000.0,0.0121431,0.0112986
74355,Sierra Leone,MICS,2005.0,0.0356415,0.0278551
74496,Sierra Leone,DHS,2008.0,0.0698469,0.0590177
74663,Sierra Leone,MICS,2010.0,0.2270328,0.2088221
74802,Sierra Leone,DHS,2013.0,0.1690354,0.107182
74980,Slovakia,EU-SILC,2005.0,0.9727657,0.9483275
75014,Slovakia,EU-SILC,2013.0,0.9490749,0.9133012
75046,Slovenia,EU-SILC,2005.0,0.8836585,0.9043306
75072,Slovenia,EU-SILC,2013.0,0.9209235,0.9316219
75099,Somalia,MICS,2006.0,0.0197818,0.0110587
75214,South Africa,GHS,2002.0,0.3578166,0.3817754
75404,South Africa,GHS,2013.0,0.4947696,0.4681985
75593,South Sudan,MICS,2010.0,0.0408839,0.0279187
75833,Spain,EU-SILC,2005.0,0.7132323,0.7429213
75885,Spain,EU-SILC,2013.0,0.7423358,0.7248353
75930,Sudan,MICS,2010.0,0.1864451,0.1539339
76235,Suriname,MICS,2000.0,0.1325552,0.1246899
76381,Suriname,MICS,2006.0,0.1933495,0.1681547
76561,Suriname,MICS,2010.0,0.2609916,0.2400165
76760,Swaziland,MICS,2000.0,0.2194843,0.210981
76886,Swaziland,DHS,2006.0,0.2857645,0.2913412
77033,Swaziland,MICS,2010.0,0.2985569,0.3000949
77156,Sweden,EU-SILC,2005.0,0.9092435,0.9141201
77192,Sweden,EU-SILC,2013.0,0.9550007,0.9534883
77226,Switzerland,EU-SILC,2013.0,0.7208817,0.8472804
77270,Syrian A. R.,MICS,2006.0,0.3087027,0.2627503
77549,Tajikistan,MICS,2000.0,0.4993663,0.4877698
77668,Tajikistan,MICS,2005.0,0.4129342,0.3980887
77809,Tajikistan,DHS,2012.0,0.4711879,0.4480487
77954,TFYR Macedonia,MICS,2005.0,0.7166885,0.6168997
78162,TFYR Macedonia,MICS,2011.0,0.7145076,0.7045955
78323,Thailand,MICS,2005.0,0.6698188,0.5850316
78488,Timor-Leste,DHS,2009.0,0.2797776,0.3035249
78783,Togo,DHS,1998.0,0.0087502,0.0116116
78986,Togo,MICS,2000.0,0.0046882,0.0046923
79150,Togo,MICS,2006.0,0.0652998,0.0376193
79343,Togo,MICS,2010.0,0.0674631,0.0542599
79526,Togo,DHS,2013.0,0.0947056,0.0774151
79755,Trinidad and Tobago,MICS,2000.0,0.7821782,0.7371048
79896,Trinidad and Tobago,MICS,2006.0,0.7810405,0.7877289
80048,Tunisia,MICS,2011.0,0.5470173,0.4770235
80105,Turkey,DHS,1993.0,0.2612846,0.2442288
80253,Turkey,DHS,1998.0,0.3314227,0.2682491
80410,Turkey,DHS,2003.0,0.2087682,0.1660298
80558,U. R. Tanzania,DHS,1991.0,0.0023119,0.0044019
80746,U. R. Tanzania,DHS,1996.0,0.0092141,0.0077401
81104,U. R. Tanzania,DHS,1999.0,0.0047822,0.0034073
81354,U. R. Tanzania,DHS,2004.0,0.0244489,0.0265523
81795,U. R. Tanzania,DHS,2010.0,0.0280155,0.0217109
82239,Uganda,DHS,1995.0,0.0133062,0.0157886
82468,Uganda,DHS,2000.0,0.090802,0.0675123
82663,Uganda,DHS,2006.0,0.0748995,0.0728995
82929,Uganda,DHS,2011.0,0.1198958,0.1128584
83246,Ukraine,MICS,2005.0,0.936024,0.8590183
83464,Ukraine,DHS,2007.0,0.9135336,0.8595052
83614,Ukraine,MICS,2012.0,0.9573275,0.943406
83754,United Kindgdom,EU-SILC,2005.0,0.9242774,0.9062927
83793,United Kindgdom,EU-SILC,2013.0,0.9664606,0.9400461
83884,United States,CPS-ASEC,2013.0,0.930077,0.9242328
83912,Uruguay,MICS,2012.0,0.2781132,0.3546196
84021,Uzbekistan,DHS,1996.0,0.2921414,0.2718809
84161,Uzbekistan,MICS,2006.0,0.5853581,0.4231403
84324,Viet Nam,DHS,1997.0,0.2489519,0.2792182
84512,Viet Nam,MICS,2000.0,0.1548777,0.1614625
84698,Viet Nam,DHS,2002.0,0.3959429,0.3656145
84884,Viet Nam,MICS,2006.0,0.2222769,0.1583256
85113,Viet Nam,MICS,2010.0,0.262576,0.2486235
85273,Viet Nam,MICS,2013.0,0.5959145,0.5323337
85454,Yemen,MICS,2006.0,0.2101631,0.1751356
85727,Yemen,DHS,2013.0,0.2324048,0.2170467
86103,Zambia,DHS,1992.0,0.0853146,0.0747441
86284,Zambia,DHS,1996.0,0.0869993,0.0904013
86484,Zambia,MICS,2000.0,0.1044488,0.1047707
86721,Zambia,DHS,2001.0,0.119834,0.1078828
87060,Zambia,DHS,2007.0,0.1520221,0.1568102
87402,Zambia,DHS,2013.0,0.2193044,0.2059908
87784,Zimbabwe,DHS,1994.0,0.0522285,0.0698695
87992,Zimbabwe,DHS,1999.0,0.0474834,0.0641248
88207,Zimbabwe,DHS,2005.0,0.0575688,0.059709
88437,Zimbabwe,MICS,2009.0,0.0935771,0.1033241
88676,Zimbabwe,DHS,2010.0,0.0929439,0.0879459
88911,Zimbabwe,MICS,2014.0,0.0776422,0.0890754
89868,India,ASER,2008.0,,
90189,India,ASER,2009.0,,
90526,India,ASER,2010.0,,
90873,India,ASER,2011.0,,
91212,India,ASER,2012.0,,
91219,India,ASER,2014.0,,
91657,Pakistan,ASER,2012.0,,
91776,Pakistan,ASER,2013.0,,
91792,Pakistan,ASER,2014.0,,
91899,Argentina,PIRLS,2001.0,,
91961,Australia,PIRLS,2011.0,,
92029,Austria,PIRLS,2006.0,,
92097,Austria,PIRLS,2011.0,,
92167,Azerbaijan,PIRLS,2011.0,,
92235,Belize,PIRLS,2001.0,,
92288,Botswana,PIRLS,2011.0,,
92360,Bulgaria,PIRLS,2001.0,,
92429,Bulgaria,PIRLS,2006.0,,
92498,Bulgaria,PIRLS,2011.0,,
92568,Canada,PIRLS,2001.0,,
92640,Canada,PIRLS,2011.0,,
92714,Colombia,PIRLS,2001.0,,
92783,Colombia,PIRLS,2011.0,,
92849,Croatia,PIRLS,2011.0,,
92915,Cyprus,PIRLS,2001.0,,
92971,Czech Republic,PIRLS,2001.0,,
93031,Czech Republic,PIRLS,2011.0,,
93096,Denmark,PIRLS,2006.0,,
93152,Denmark,PIRLS,2011.0,,
93218,Finland,PIRLS,2011.0,,
93283,France,PIRLS,2001.0,,
93348,France,PIRLS,2006.0,,
93412,France,PIRLS,2011.0,,
93479,Georgia,PIRLS,2006.0,,
93543,Georgia,PIRLS,2011.0,,
93608,Germany,PIRLS,2001.0,,
93675,Germany,PIRLS,2006.0,,
93740,Germany,PIRLS,2011.0,,
93805,Greece,PIRLS,2001.0,,
93869,Honduras,PIRLS,2011.0,,
93934,Hungary,PIRLS,2001.0,,
93999,Hungary,PIRLS,2006.0,,
94063,Hungary,PIRLS,2011.0,,
94127,Iceland,PIRLS,2001.0,,
94192,Iceland,PIRLS,2006.0,,
94255,Indonesia,PIRLS,2006.0,,
94324,Indonesia,PIRLS,2011.0,,
94395,"Iran, I. R.",PIRLS,2001.0,,
94466,"Iran, I. R.",PIRLS,2006.0,,
94539,"Iran, I. R.",PIRLS,2011.0,,
94613,Ireland,PIRLS,2011.0,,
94682,Israel,PIRLS,2001.0,,
94747,Israel,PIRLS,2006.0,,
94812,Israel,PIRLS,2011.0,,
94880,Italy,PIRLS,2001.0,,
94944,Italy,PIRLS,2006.0,,
95011,Italy,PIRLS,2011.0,,
95081,Kuwait,PIRLS,2006.0,,
95140,Kuwait,PIRLS,2011.0,,
95214,Latvia,PIRLS,2001.0,,
95278,Latvia,PIRLS,2006.0,,
95346,Lithuania,PIRLS,2001.0,,
95410,Lithuania,PIRLS,2006.0,,
95474,Lithuania,PIRLS,2011.0,,
95538,Luxembourg,PIRLS,2006.0,,
95571,Malta,PIRLS,2011.0,,
95640,Morocco,PIRLS,2006.0,,
95708,Morocco,PIRLS,2011.0,,
95782,Netherlands,PIRLS,2001.0,,
95849,Netherlands,PIRLS,2006.0,,
95913,Netherlands,PIRLS,2011.0,,
95980,New Zealand,PIRLS,2001.0,,
96045,New Zealand,PIRLS,2006.0,,
96114,New Zealand,PIRLS,2011.0,,
96182,Norway,PIRLS,2001.0,,
96247,Norway,PIRLS,2006.0,,
96312,Norway,PIRLS,2011.0,,
96378,Oman,PIRLS,2011.0,,
96452,Poland,PIRLS,2006.0,,
96516,Poland,PIRLS,2011.0,,
96580,Portugal,PIRLS,2011.0,,
96645,Qatar,PIRLS,2006.0,,
96702,Qatar,PIRLS,2011.0,,
96790,Republic of Moldova,PIRLS,2001.0,,
96853,Republic of Moldova,PIRLS,2006.0,,
96860,Romania,PIRLS,2001.0,,
96926,Romania,PIRLS,2006.0,,
96993,Romania,PIRLS,2011.0,,
97057,Russian Fed.,PIRLS,2001.0,,
97125,Russian Fed.,PIRLS,2006.0,,
97193,Russian Fed.,PIRLS,2011.0,,
97262,Saudi Arabia,PIRLS,2011.0,,
97336,Singapore,PIRLS,2001.0,,
97389,Singapore,PIRLS,2006.0,,
97442,Singapore,PIRLS,2011.0,,
97495,Slovakia,PIRLS,2001.0,,
97558,Slovakia,PIRLS,2006.0,,
97626,Slovakia,PIRLS,2011.0,,
97695,Slovenia,PIRLS,2001.0,,
97758,Slovenia,PIRLS,2006.0,,
97813,Slovenia,PIRLS,2011.0,,
97866,South Africa,PIRLS,2006.0,,
97938,South Africa,PIRLS,2011.0,,
98008,Spain,PIRLS,2006.0,,
98077,Spain,PIRLS,2011.0,,
98151,Sweden,PIRLS,2001.0,,
98217,Sweden,PIRLS,2006.0,,
98284,Sweden,PIRLS,2011.0,,
98411,TFYR Macedonia,PIRLS,2001.0,,
98477,TFYR Macedonia,PIRLS,2006.0,,
98485,Trinidad and Tobago,PIRLS,2006.0,,
98540,Trinidad and Tobago,PIRLS,2011.0,,
98608,Turkey,PIRLS,2001.0,,
98674,United Arab Emirates,PIRLS,2011.0,,
98748,Albania,PISA,2000.0,,
98814,Albania,PISA,2009.0,,
98880,Albania,PISA,2012.0,,
98949,Argentina,PISA,2000.0,,
99011,Argentina,PISA,2006.0,,
99076,Argentina,PISA,2009.0,,
99142,Argentina,PISA,2012.0,,
99211,Australia,PISA,2000.0,,
99280,Australia,PISA,2003.0,,
99354,Australia,PISA,2006.0,,
99428,Australia,PISA,2009.0,,
99502,Australia,PISA,2012.0,,
99576,Austria,PISA,2000.0,,
99647,Austria,PISA,2003.0,,
99721,Austria,PISA,2006.0,,
99794,Austria,PISA,2009.0,,
99868,Austria,PISA,2012.0,,
99941,Azerbaijan,PISA,2006.0,,
100015,Azerbaijan,PISA,2009.0,,
100089,Belgium,PISA,2000.0,,
100163,Belgium,PISA,2003.0,,
100237,Belgium,PISA,2006.0,,
100311,Belgium,PISA,2009.0,,
100385,Belgium,PISA,2012.0,,
100459,Brazil,PISA,2000.0,,
100521,Brazil,PISA,2003.0,,
100585,Brazil,PISA,2006.0,,
100650,Brazil,PISA,2009.0,,
100721,Brazil,PISA,2012.0,,
100795,Bulgaria,PISA,2000.0,,
100863,Bulgaria,PISA,2006.0,,
100935,Bulgaria,PISA,2009.0,,
101009,Bulgaria,PISA,2012.0,,
101083,Canada,PISA,2000.0,,
101117,Canada,PISA,2003.0,,
101191,Canada,PISA,2006.0,,
101265,Canada,PISA,2009.0,,
101339,Canada,PISA,2012.0,,
101413,Chile,PISA,2000.0,,
101472,Chile,PISA,2006.0,,
101534,Chile,PISA,2009.0,,
101593,Chile,PISA,2012.0,,
101657,China,PISA,2009.0,,
101707,Colombia,PISA,2006.0,,
101771,Colombia,PISA,2009.0,,
101837,Colombia,PISA,2012.0,,
101902,Costa Rica,PISA,2009.0,,
101967,Costa Rica,PISA,2012.0,,
102034,Croatia,PISA,2006.0,,
102103,Croatia,PISA,2009.0,,
102171,Czech Republic,PISA,2000.0,,
102235,Czech Republic,PISA,2003.0,,
102302,Czech Republic,PISA,2006.0,,
102371,Czech Republic,PISA,2009.0,,
102440,Czech Republic,PISA,2012.0,,
102513,Denmark,PISA,2000.0,,
102584,Denmark,PISA,2003.0,,
102654,Denmark,PISA,2006.0,,
102724,Denmark,PISA,2009.0,,
102797,Denmark,PISA,2012.0,,
102871,Estonia,PISA,2006.0,,
102944,Estonia,PISA,2009.0,,
103015,Estonia,PISA,2012.0,,
103088,Finland,PISA,2000.0,,
103160,Finland,PISA,2003.0,,
103234,Finland,PISA,2006.0,,
103304,Finland,PISA,2009.0,,
103378,Finland,PISA,2012.0,,
103452,France,PISA,2000.0,,
103524,France,PISA,2003.0,,
103556,France,PISA,2006.0,,
103590,France,PISA,2009.0,,
103623,France,PISA,2012.0,,
103696,Georgia,PISA,2009.0,,
103766,Germany,PISA,2000.0,,
103838,Germany,PISA,2003.0,,
103909,Germany,PISA,2006.0,,
103982,Germany,PISA,2009.0,,
104055,Germany,PISA,2012.0,,
104127,Greece,PISA,2000.0,,
104194,Greece,PISA,2003.0,,
104266,Greece,PISA,2006.0,,
104336,Greece,PISA,2009.0,,
104408,Greece,PISA,2012.0,,
104479,Hungary,PISA,2000.0,,
104532,Hungary,PISA,2003.0,,
104596,Hungary,PISA,2006.0,,
104661,Hungary,PISA,2009.0,,
104726,Hungary,PISA,2012.0,,
104792,Iceland,PISA,2000.0,,
104819,Iceland,PISA,2003.0,,
104885,Iceland,PISA,2006.0,,
104954,Iceland,PISA,2009.0,,
105025,Iceland,PISA,2012.0,,
105095,Indonesia,PISA,2000.0,,
105169,Indonesia,PISA,2003.0,,
105243,Indonesia,PISA,2006.0,,
105317,Indonesia,PISA,2009.0,,
105391,Indonesia,PISA,2012.0,,
105465,Ireland,PISA,2000.0,,
105530,Ireland,PISA,2003.0,,
105598,Ireland,PISA,2006.0,,
105669,Ireland,PISA,2009.0,,
105741,Ireland,PISA,2012.0,,
105814,Israel,PISA,2000.0,,
105887,Israel,PISA,2006.0,,
105961,Israel,PISA,2009.0,,
106035,Israel,PISA,2012.0,,
106109,Italy,PISA,2000.0,,
106182,Italy,PISA,2003.0,,
106256,Italy,PISA,2006.0,,
106330,Italy,PISA,2009.0,,
106404,Italy,PISA,2012.0,,
106478,Japan,PISA,2000.0,,
106538,Japan,PISA,2003.0,,
106594,Japan,PISA,2006.0,,
106654,Japan,PISA,2009.0,,
106703,Japan,PISA,2012.0,,
106753,Jordan,PISA,2006.0,,
106825,Jordan,PISA,2009.0,,
106897,Jordan,PISA,2012.0,,
106971,Kazakhstan,PISA,2009.0,,
107045,Kazakhstan,PISA,2012.0,,
107119,Kyrgyzstan,PISA,2006.0,,
107193,Kyrgyzstan,PISA,2009.0,,
107267,Latvia,PISA,2000.0,,
107338,Latvia,PISA,2003.0,,
107412,Latvia,PISA,2006.0,,
107485,Latvia,PISA,2009.0,,
107559,Latvia,PISA,2012.0,,
107633,Liechtenstein,PISA,2000.0,,
107655,Liechtenstein,PISA,2003.0,,
107698,Liechtenstein,PISA,2006.0,,
107733,Liechtenstein,PISA,2009.0,,
107772,Liechtenstein,PISA,2012.0,,
107807,Lithuania,PISA,2006.0,,
107879,Lithuania,PISA,2009.0,,
107951,Lithuania,PISA,2012.0,,
108022,Luxembourg,PISA,2000.0,,
108095,Luxembourg,PISA,2003.0,,
108168,Luxembourg,PISA,2006.0,,
108242,Luxembourg,PISA,2009.0,,
108316,Luxembourg,PISA,2012.0,,
108390,Malaysia,PISA,2009.0,,
108464,Malaysia,PISA,2012.0,,
108538,Malta,PISA,2009.0,,
108611,Mauritius,PISA,2009.0,,
108681,Mexico,PISA,2000.0,,
108744,Mexico,PISA,2003.0,,
108818,Mexico,PISA,2006.0,,
108892,Mexico,PISA,2009.0,,
108966,Mexico,PISA,2012.0,,
109040,Montenegro,PISA,2006.0,,
109114,Montenegro,PISA,2009.0,,
109182,Montenegro,PISA,2012.0,,
109248,Netherlands,PISA,2000.0,,
109307,Netherlands,PISA,2003.0,,
109381,Netherlands,PISA,2006.0,,
109453,Netherlands,PISA,2009.0,,
109524,Netherlands,PISA,2012.0,,
109594,New Zealand,PISA,2000.0,,
109663,New Zealand,PISA,2003.0,,
109736,New Zealand,PISA,2006.0,,
109809,New Zealand,PISA,2009.0,,
109883,New Zealand,PISA,2012.0,,
109957,Norway,PISA,2000.0,,
110029,Norway,PISA,2003.0,,
110102,Norway,PISA,2006.0,,
110173,Norway,PISA,2009.0,,
110247,Norway,PISA,2012.0,,
110319,Panama,PISA,2009.0,,
110391,Peru,PISA,2000.0,,
110422,Peru,PISA,2009.0,,
110493,Peru,PISA,2012.0,,
110565,Poland,PISA,2000.0,,
110625,Poland,PISA,2003.0,,
110689,Poland,PISA,2006.0,,
110753,Poland,PISA,2009.0,,
110817,Poland,PISA,2012.0,,
110882,Portugal,PISA,2000.0,,
110947,Portugal,PISA,2003.0,,
111015,Portugal,PISA,2006.0,,
111085,Portugal,PISA,2009.0,,
111155,Portugal,PISA,2012.0,,
111227,Qatar,PISA,2006.0,,
111301,Qatar,PISA,2009.0,,
111375,Qatar,PISA,2012.0,,
111489,Republic of Korea,PISA,2000.0,,
111545,Republic of Korea,PISA,2003.0,,
111602,Republic of Korea,PISA,2006.0,,
111659,Republic of Korea,PISA,2009.0,,
111718,Republic of Korea,PISA,2012.0,,
111725,Republic of Moldova,PISA,2009.0,,
111800,Romania,PISA,2000.0,,
111864,Romania,PISA,2006.0,,
111935,Romania,PISA,2009.0,,
112006,Romania,PISA,2012.0,,
112074,Russian Fed.,PISA,2000.0,,
112147,Russian Fed.,PISA,2003.0,,
112220,Russian Fed.,PISA,2006.0,,
112294,Russian Fed.,PISA,2009.0,,
112368,Russian Fed.,PISA,2012.0,,
112442,Serbia,PISA,2006.0,,
112508,Serbia,PISA,2009.0,,
112576,Serbia,PISA,2012.0,,
112649,Singapore,PISA,2009.0,,
112703,Singapore,PISA,2012.0,,
112757,Slovakia,PISA,2003.0,,
112829,Slovakia,PISA,2006.0,,
112903,Slovakia,PISA,2009.0,,
112976,Slovakia,PISA,2012.0,,
113049,Slovenia,PISA,2006.0,,
113123,Slovenia,PISA,2009.0,,
113197,Slovenia,PISA,2012.0,,
113271,Spain,PISA,2000.0,,
113345,Spain,PISA,2003.0,,
113419,Spain,PISA,2006.0,,
113493,Spain,PISA,2009.0,,
113567,Spain,PISA,2012.0,,
113641,Sweden,PISA,2000.0,,
113712,Sweden,PISA,2003.0,,
113786,Sweden,PISA,2006.0,,
113860,Sweden,PISA,2009.0,,
113932,Sweden,PISA,2012.0,,
114005,Switzerland,PISA,2000.0,,
114079,Switzerland,PISA,2003.0,,
114153,Switzerland,PISA,2006.0,,
114227,Switzerland,PISA,2009.0,,
114301,Switzerland,PISA,2012.0,,
114375,TFYR Macedonia,PISA,2000.0,,
114446,Thailand,PISA,2000.0,,
114520,Thailand,PISA,2003.0,,
114594,Thailand,PISA,2006.0,,
114668,Thailand,PISA,2009.0,,
114742,Thailand,PISA,2012.0,,
114816,Trinidad and Tobago,PISA,2009.0,,
114887,Tunisia,PISA,2003.0,,
114952,Tunisia,PISA,2006.0,,
115024,Tunisia,PISA,2009.0,,
115088,Tunisia,PISA,2012.0,,
115154,Turkey,PISA,2003.0,,
115220,Turkey,PISA,2006.0,,
115288,Turkey,PISA,2009.0,,
115357,Turkey,PISA,2012.0,,
115428,United Arab Emirates,PISA,2009.0,,
115502,United Arab Emirates,PISA,2012.0,,
115639,United States,PISA,2000.0,,
115713,United States,PISA,2003.0,,
115787,United States,PISA,2006.0,,
115861,United States,PISA,2009.0,,
115935,United States,PISA,2012.0,,
115943,Uruguay,PISA,2003.0,,
116012,Uruguay,PISA,2006.0,,
116081,Uruguay,PISA,2009.0,,
116153,Uruguay,PISA,2012.0,,
116222,"Venezuela, B. R.",PISA,2009.0,,
116285,Viet Nam,PISA,2012.0,,
116354,Botswana,SACMEQ,2000.0,,
116427,Botswana,SACMEQ,2007.0,,
116501,Kenya,SACMEQ,1995.0,,
116575,Kenya,SACMEQ,2000.0,,
116649,Kenya,SACMEQ,2007.0,,
116723,Lesotho,SACMEQ,2000.0,,
116797,Lesotho,SACMEQ,2007.0,,
116871,Malawi,SACMEQ,1995.0,,
116941,Malawi,SACMEQ,2000.0,,
117008,Malawi,SACMEQ,2007.0,,
117078,Mauritius,SACMEQ,1995.0,,
117149,Mauritius,SACMEQ,2000.0,,
117213,Mauritius,SACMEQ,2007.0,,
117284,Mozambique,SACMEQ,2000.0,,
117356,Mozambique,SACMEQ,2007.0,,
117428,Namibia,SACMEQ,1995.0,,
117502,Namibia,SACMEQ,2000.0,,
117576,Namibia,SACMEQ,2007.0,,
117650,Seychelles,SACMEQ,2000.0,,
117707,Seychelles,SACMEQ,2007.0,,
117775,South Africa,SACMEQ,2000.0,,
117846,South Africa,SACMEQ,2007.0,,
117920,Swaziland,SACMEQ,2000.0,,
117991,Swaziland,SACMEQ,2007.0,,
118065,U. R. Tanzania,SACMEQ,2000.0,,
118137,U. R. Tanzania,SACMEQ,2007.0,,
118211,Uganda,SACMEQ,2000.0,,
118285,Uganda,SACMEQ,2007.0,,
118359,Zambia,SACMEQ,1995.0,,
118432,Zambia,SACMEQ,2000.0,,
118503,Zambia,SACMEQ,2007.0,,
118574,Zimbabwe,SACMEQ,1995.0,,
118646,Zimbabwe,SACMEQ,2007.0,,
118713,Argentina,LLECE,2006.0,,
118775,Argentina,LLECE,2006.0,,
118835,Brazil,LLECE,2006.0,,
118892,Brazil,LLECE,2006.0,,
118950,Chile,LLECE,2006.0,,
119006,Chile,LLECE,2006.0,,
119065,Colombia,LLECE,2006.0,,
119130,Colombia,LLECE,2006.0,,
119198,Costa Rica,LLECE,2006.0,,
119264,Costa Rica,LLECE,2006.0,,
119331,Cuba,LLECE,2006.0,,
119392,Cuba,LLECE,2006.0,,
119453,Dominican Republic,LLECE,2006.0,,
119518,Dominican Republic,LLECE,2006.0,,
119586,Ecuador,LLECE,2006.0,,
119650,Ecuador,LLECE,2006.0,,
119715,El Salvador,LLECE,2006.0,,
119776,El Salvador,LLECE,2006.0,,
119840,Guatemala,LLECE,2006.0,,
119913,Guatemala,LLECE,2006.0,,
119986,Nicaragua,LLECE,2006.0,,
120048,Nicaragua,LLECE,2006.0,,
120109,Panama,LLECE,2006.0,,
120172,Panama,LLECE,2006.0,,
120238,Paraguay,LLECE,2006.0,,
120308,Paraguay,LLECE,2006.0,,
120377,Peru,LLECE,2006.0,,
120439,Peru,LLECE,2006.0,,
120505,Uruguay,LLECE,2006.0,,
120563,Uruguay,LLECE,2006.0,,
120621,Argentina,LLECE,2013.0,,
120683,Argentina,LLECE,2013.0,,
120745,Brazil,LLECE,2013.0,,
120802,Brazil,LLECE,2013.0,,
120857,Chile,LLECE,2013.0,,
120916,Chile,LLECE,2013.0,,
120975,Colombia,LLECE,2013.0,,
121038,Colombia,LLECE,2013.0,,
121101,Costa Rica,LLECE,2013.0,,
121156,Costa Rica,LLECE,2013.0,,
121211,Dominican Republic,LLECE,2013.0,,
121273,Dominican Republic,LLECE,2013.0,,
121336,Ecuador,LLECE,2013.0,,
121402,Ecuador,LLECE,2013.0,,
121469,Guatemala,LLECE,2013.0,,
121541,Guatemala,LLECE,2013.0,,
121614,Honduras,LLECE,2013.0,,
121675,Honduras,LLECE,2013.0,,
121736,Nicaragua,LLECE,2013.0,,
121801,Nicaragua,LLECE,2013.0,,
121864,Panama,LLECE,2013.0,,
121927,Panama,LLECE,2013.0,,
121990,Paraguay,LLECE,2013.0,,
122059,Paraguay,LLECE,2013.0,,
122130,Peru,LLECE,2013.0,,
122194,Peru,LLECE,2013.0,,
122258,Uruguay,LLECE,2013.0,,
122316,Uruguay,LLECE,2013.0,,
122375,Algeria,TIMSS,2007.0,,
122449,Algeria,TIMSS,2007.0,,
122523,Armenia,TIMSS,2003.0,,
122588,Armenia,TIMSS,2007.0,,
122655,Armenia,TIMSS,2011.0,,
122780,Armenia,TIMSS,2003.0,,
122844,Armenia,TIMSS,2007.0,,
122852,Armenia,TIMSS,2011.0,,
122915,Australia,TIMSS,2003.0,,
122982,Australia,TIMSS,2007.0,,
123048,Australia,TIMSS,2011.0,,
123178,Australia,TIMSS,1995.0,,
123235,Australia,TIMSS,1999.0,,
123302,Australia,TIMSS,2003.0,,
123364,Australia,TIMSS,2007.0,,
123372,Australia,TIMSS,2011.0,,
123437,Austria,TIMSS,2007.0,,
123507,Austria,TIMSS,2011.0,,
123578,Azerbaijan,TIMSS,2011.0,,
123645,Bahrain,TIMSS,2011.0,,
123783,Bahrain,TIMSS,2003.0,,
123855,Bahrain,TIMSS,2007.0,,
123863,Bahrain,TIMSS,2011.0,,
123935,Bosnia and Herzegovina,TIMSS,2007.0,,
123999,Botswana,TIMSS,2003.0,,
124073,Botswana,TIMSS,2007.0,,
124144,Bulgaria,TIMSS,1999.0,,
124206,Bulgaria,TIMSS,2003.0,,
124272,Bulgaria,TIMSS,2007.0,,
124334,Canada,TIMSS,1995.0,,
124408,Canada,TIMSS,1999.0,,
124481,Chile,TIMSS,2011.0,,
124611,Chile,TIMSS,1999.0,,
124672,Chile,TIMSS,2003.0,,
124680,Chile,TIMSS,2011.0,,
124742,Colombia,TIMSS,2007.0,,
124812,Colombia,TIMSS,2007.0,,
124876,Croatia,TIMSS,2011.0,,
124941,Cyprus,TIMSS,2003.0,,
125071,Cyprus,TIMSS,1995.0,,
125137,Cyprus,TIMSS,1999.0,,
125145,Cyprus,TIMSS,2003.0,,
125213,Cyprus,TIMSS,2007.0,,
125280,Czech Republic,TIMSS,2007.0,,
125344,Czech Republic,TIMSS,2011.0,,
125466,Czech Republic,TIMSS,1995.0,,
125523,Czech Republic,TIMSS,1999.0,,
125587,Czech Republic,TIMSS,2007.0,,
125594,Denmark,TIMSS,2007.0,,
125658,Denmark,TIMSS,2011.0,,
125780,Denmark,TIMSS,1999.0,,
125788,Egypt,TIMSS,2003.0,,
125860,Egypt,TIMSS,2007.0,,
125932,El Salvador,TIMSS,2007.0,,
126000,El Salvador,TIMSS,2007.0,,
126065,Estonia,TIMSS,2003.0,,
126129,Finland,TIMSS,2011.0,,
126194,Finland,TIMSS,2011.0,,
126258,Georgia,TIMSS,2007.0,,
126321,Georgia,TIMSS,2011.0,,
126443,Georgia,TIMSS,2007.0,,
126451,Georgia,TIMSS,2011.0,,
126515,Germany,TIMSS,2007.0,,
126579,Germany,TIMSS,2011.0,,
126644,Ghana,TIMSS,2003.0,,
126715,Ghana,TIMSS,2007.0,,
126784,Ghana,TIMSS,2011.0,,
126854,Hungary,TIMSS,2003.0,,
126918,Hungary,TIMSS,2007.0,,
126982,Hungary,TIMSS,2011.0,,
127104,Hungary,TIMSS,1995.0,,
127166,Hungary,TIMSS,1999.0,,
127230,Hungary,TIMSS,2003.0,,
127294,Hungary,TIMSS,2007.0,,
127302,Hungary,TIMSS,2011.0,,
127366,Indonesia,TIMSS,1999.0,,
127440,Indonesia,TIMSS,2003.0,,
127514,Indonesia,TIMSS,2007.0,,
127587,Indonesia,TIMSS,2011.0,,
127657,"Iran, I. R.",TIMSS,2003.0,,
127729,"Iran, I. R.",TIMSS,2007.0,,
127800,"Iran, I. R.",TIMSS,2011.0,,
127941,"Iran, I. R.",TIMSS,1995.0,,
128014,"Iran, I. R.",TIMSS,1999.0,,
128088,"Iran, I. R.",TIMSS,2003.0,,
128160,"Iran, I. R.",TIMSS,2007.0,,
128168,"Iran, I. R.",TIMSS,2011.0,,
128242,Ireland,TIMSS,2011.0,,
128312,Israel,TIMSS,1995.0,,
128373,Israel,TIMSS,1999.0,,
128440,Israel,TIMSS,2003.0,,
128508,Israel,TIMSS,2007.0,,
128574,Israel,TIMSS,2011.0,,
128640,Italy,TIMSS,2003.0,,
128709,Italy,TIMSS,2007.0,,
128773,Italy,TIMSS,2011.0,,
128909,Italy,TIMSS,1995.0,,
128978,Italy,TIMSS,1999.0,,
129044,Italy,TIMSS,2003.0,,
129108,Italy,TIMSS,2007.0,,
129116,Italy,TIMSS,2011.0,,
129183,Japan,TIMSS,2003.0,,
129246,Japan,TIMSS,2007.0,,
129295,Japan,TIMSS,2011.0,,
129404,Japan,TIMSS,1999.0,,
129464,Japan,TIMSS,2003.0,,
129513,Japan,TIMSS,2007.0,,
129521,Japan,TIMSS,2011.0,,
129573,Jordan,TIMSS,1999.0,,
129641,Jordan,TIMSS,2003.0,,
129711,Jordan,TIMSS,2007.0,,
129780,Jordan,TIMSS,2011.0,,
129854,Kazakhstan,TIMSS,2007.0,,
129918,Kazakhstan,TIMSS,2011.0,,
129988,Kazakhstan,TIMSS,2011.0,,
130052,Kuwait,TIMSS,2007.0,,
130125,Kuwait,TIMSS,2011.0,,
130266,Kuwait,TIMSS,2007.0,,
130273,Latvia,TIMSS,2003.0,,
130339,Latvia,TIMSS,2007.0,,
130465,Latvia,TIMSS,1995.0,,
130529,Latvia,TIMSS,1999.0,,
130598,Latvia,TIMSS,2003.0,,
130606,Lebanon,TIMSS,2003.0,,
130680,Lebanon,TIMSS,2007.0,,
130754,Lebanon,TIMSS,2011.0,,
130827,Lithuania,TIMSS,2003.0,,
130891,Lithuania,TIMSS,2007.0,,
130955,Lithuania,TIMSS,2011.0,,
131077,Lithuania,TIMSS,1995.0,,
131140,Lithuania,TIMSS,1999.0,,
131204,Lithuania,TIMSS,2003.0,,
131268,Lithuania,TIMSS,2007.0,,
131276,Lithuania,TIMSS,2011.0,,
131340,Malaysia,TIMSS,1999.0,,
131414,Malaysia,TIMSS,2003.0,,
131488,Malaysia,TIMSS,2007.0,,
131562,Malaysia,TIMSS,2011.0,,
131703,Malta,TIMSS,2011.0,,
131711,Mongolia,TIMSS,2007.0,,
131778,Mongolia,TIMSS,2007.0,,
131842,Morocco,TIMSS,2003.0,,
131916,Morocco,TIMSS,2007.0,,
131990,Morocco,TIMSS,2011.0,,
132130,Morocco,TIMSS,1999.0,,
132203,Morocco,TIMSS,2003.0,,
132273,Morocco,TIMSS,2007.0,,
132281,Morocco,TIMSS,2011.0,,
132354,Netherlands,TIMSS,2003.0,,
132418,Netherlands,TIMSS,2007.0,,
132484,Netherlands,TIMSS,2011.0,,
132613,Netherlands,TIMSS,1995.0,,
132681,Netherlands,TIMSS,1999.0,,
132730,Netherlands,TIMSS,2003.0,,
132737,New Zealand,TIMSS,2003.0,,
132803,New Zealand,TIMSS,2007.0,,
132870,New Zealand,TIMSS,2011.0,,
132998,New Zealand,TIMSS,1995.0,,
133062,New Zealand,TIMSS,1999.0,,
133127,New Zealand,TIMSS,2003.0,,
133135,New Zealand,TIMSS,2011.0,,
133200,Norway,TIMSS,2003.0,,
133264,Norway,TIMSS,2007.0,,
133329,Norway,TIMSS,2011.0,,
133455,Norway,TIMSS,2003.0,,
133522,Norway,TIMSS,2007.0,,
133530,Norway,TIMSS,2011.0,,
133594,Oman,TIMSS,2011.0,,
133735,Oman,TIMSS,2007.0,,
133743,Oman,TIMSS,2011.0,,
133817,Palestine,TIMSS,2003.0,,
133887,Palestine,TIMSS,2007.0,,
133956,Palestine,TIMSS,2011.0,,
134026,Philippines,TIMSS,2003.0,,
134167,Philippines,TIMSS,1999.0,,
134175,Philippines,TIMSS,2003.0,,
134249,Poland,TIMSS,2011.0,,
134313,Portugal,TIMSS,2011.0,,
134378,Qatar,TIMSS,2007.0,,
134451,Qatar,TIMSS,2011.0,,
134592,Qatar,TIMSS,2007.0,,
134600,Qatar,TIMSS,2011.0,,
134673,Republic of Korea,TIMSS,2011.0,,
134778,Republic of Korea,TIMSS,1995.0,,
134841,Republic of Korea,TIMSS,1999.0,,
134896,Republic of Korea,TIMSS,2003.0,,
134944,Republic of Korea,TIMSS,2007.0,,
134992,Republic of Korea,TIMSS,2011.0,,
134999,Republic of Moldova,TIMSS,2003.0,,
135064,Republic of Moldova,TIMSS,1999.0,,
135131,Republic of Moldova,TIMSS,2003.0,,
135197,Romania,TIMSS,2011.0,,
135328,Romania,TIMSS,1995.0,,
135394,Romania,TIMSS,1999.0,,
135461,Romania,TIMSS,2003.0,,
135525,Romania,TIMSS,2007.0,,
135533,Romania,TIMSS,2011.0,,
135596,Russian Fed.,TIMSS,2003.0,,
135663,Russian Fed.,TIMSS,2007.0,,
135730,Russian Fed.,TIMSS,2011.0,,
135861,Russian Fed.,TIMSS,1995.0,,
135925,Russian Fed.,TIMSS,1999.0,,
135989,Russian Fed.,TIMSS,2003.0,,
136053,Russian Fed.,TIMSS,2007.0,,
136061,Russian Fed.,TIMSS,2011.0,,
136127,Saudi Arabia,TIMSS,2011.0,,
136258,Saudi Arabia,TIMSS,2003.0,,
136332,Saudi Arabia,TIMSS,2007.0,,
136340,Saudi Arabia,TIMSS,2011.0,,
136412,Serbia,TIMSS,2011.0,,
136533,Serbia,TIMSS,2003.0,,
136597,Serbia,TIMSS,2007.0,,
136604,Singapore,TIMSS,2003.0,,
136658,Singapore,TIMSS,2007.0,,
136711,Singapore,TIMSS,2011.0,,
136812,Singapore,TIMSS,1995.0,,
136866,Singapore,TIMSS,1999.0,,
136919,Singapore,TIMSS,2003.0,,
136972,Singapore,TIMSS,2007.0,,
136979,Slovakia,TIMSS,2007.0,,
137047,Slovakia,TIMSS,2011.0,,
137180,Slovakia,TIMSS,1995.0,,
137247,Slovakia,TIMSS,1999.0,,
137314,Slovakia,TIMSS,2003.0,,
137321,Slovenia,TIMSS,2003.0,,
137387,Slovenia,TIMSS,2007.0,,
137455,Slovenia,TIMSS,2011.0,,
137569,Slovenia,TIMSS,1995.0,,
137636,Slovenia,TIMSS,1999.0,,
137704,Slovenia,TIMSS,2003.0,,
137772,Slovenia,TIMSS,2007.0,,
137780,South Africa,TIMSS,1995.0,,
137814,South Africa,TIMSS,1999.0,,
137888,South Africa,TIMSS,2003.0,,
137962,Spain,TIMSS,2011.0,,
138035,Sweden,TIMSS,2007.0,,
138100,Sweden,TIMSS,2011.0,,
138228,Sweden,TIMSS,2003.0,,
138295,Sweden,TIMSS,2007.0,,
138303,Syrian A. R.,TIMSS,2003.0,,
138375,Syrian A. R.,TIMSS,2007.0,,
138445,TFYR Macedonia,TIMSS,1999.0,,
138512,TFYR Macedonia,TIMSS,2003.0,,
138580,TFYR Macedonia,TIMSS,2011.0,,
138648,Thailand,TIMSS,2011.0,,
138787,Thailand,TIMSS,1995.0,,
138857,Thailand,TIMSS,1999.0,,
138926,Thailand,TIMSS,2007.0,,
138933,Tunisia,TIMSS,2003.0,,
139007,Tunisia,TIMSS,2007.0,,
139081,Tunisia,TIMSS,2011.0,,
139220,Tunisia,TIMSS,1999.0,,
139294,Tunisia,TIMSS,2003.0,,
139368,Tunisia,TIMSS,2007.0,,
139375,Turkey,TIMSS,2011.0,,
139503,Turkey,TIMSS,1999.0,,
139569,Turkey,TIMSS,2007.0,,
139577,Ukraine,TIMSS,2007.0,,
139651,Ukraine,TIMSS,2007.0,,
139725,United Arab Emirates,TIMSS,2011.0,,
139799,United Arab Emirates,TIMSS,2011.0,,
139872,United States,TIMSS,2003.0,,
139944,United States,TIMSS,2007.0,,
140013,United States,TIMSS,2011.0,,
140148,United States,TIMSS,1995.0,,
140216,United States,TIMSS,1999.0,,
140286,United States,TIMSS,2003.0,,
140353,United States,TIMSS,2007.0,,
140361,Yemen,TIMSS,2003.0,,
140432,Yemen,TIMSS,2007.0,,
140505,Yemen,TIMSS,2011.0,,
140703,Kenya,UWEZO,2011.0,,
140710,Kenya,UWEZO,2012.0,,
140849,Kenya,UWEZO,2013.0,,
141353,U. R. Tanzania,UWEZO,2011.0,,
141707,U. R. Tanzania,UWEZO,2012.0,,
142035,U. R. Tanzania,UWEZO,2013.0,,
142125,Uganda,UWEZO,2011.0,,
142132,Uganda,UWEZO,2012.0,,
142222,Uganda,UWEZO,2013.0,,
