,ts_date,loc_str,gmtoffset,phase
0,2017-11-30,Manuelita Cocos Island COSTA RICA,-6.0,First Quarter
1,2017-11-25,,,First Quarter
2,2017-11-24,"Stillwater Cove, Monterey County California USA",-8.0,First Quarter
3,2017-11-18,"Floridana Beach, Brevard County Florida USA",-5.0,New Moon
4,2017-11-13,,,Last Quarter
5,2017-11-13,Avoca Beach New South Wales AUSTRALIA,11.0,Last Quarter
6,2017-11-04,Guardalavaca Beach Holquin Province CUBA,-5.0,Full Moon
7,2017-10-31,Magnetic Island Queensland AUSTRALIA,10.0,First Quarter
8,2017-10-28,Birubi Point New South Wales AUSTRALIA,11.0,First Quarter
9,2017-10-26,"White Plains Beach, Oahu Hawaii USA",-10.0,First Quarter
10,2017-10-23,Le Goulet Pamplemousses  MAURITIUS,4.0,New Moon
11,2017-10-23,"Juno Beach, Palm Beach County Florida USA",-5.0,New Moon
12,2017-10-23,"Ocean Reef Park, Singer Island, Palm Beach County Florida USA",-5.0,New Moon
13,2017-10-22,Normanville South Australia AUSTRALIA,,New Moon
14,2017-10-18,"Lantana Beach, Palm Beach County Florida USA",-5.0,New Moon
15,2017-10-09,"Davidsons Beach, Kekaha, Kauai Hawaii USA",-10.0,Full Moon
16,2017-10-05,"Kama‘ole Beach Park, Maui  Hawaii USA",-10.0,Full Moon
17,2017-10-01,Dyer Island Western Cape Province SOUTH AFRICA,2.0,First Quarter
18,2017-09-25,"Hanna Park, Jacksonville, Duval County Florida USA",-5.0,First Quarter
19,2017-09-25,Gracetown Western Australia AUSTRALIA,8.0,First Quarter
20,2017-09-24,Rockaway New York USA,-5.0,New Moon
21,2017-09-24,Fort Worth Florida USA,-5.0,New Moon
22,2017-09-20,Palm Beach County Florida USA,-5.0,New Moon
23,2017-09-16,Gran Canaria  Canary Islands SPAIN,0.0,Last Quarter
24,2017-09-16,"Ponce Inlet, Volusia County Florida USA",-5.0,Last Quarter
25,2017-09-15,Hawston Western Cape Province SOUTH AFRICA,2.0,Last Quarter
26,2017-09-15,Nofoali’i  Upolu Island SAMOA,,Last Quarter
27,2017-09-14,Esperance Westerm Australia AUSTRALIA,8.0,Last Quarter
28,2017-09-10,Sam's Creek area Westerm Australia AUSTRALIA,8.0,Last Quarter
29,2017-09-10,Iluka Beach New South Wales AUSTRALIA,10.0,Last Quarter
30,2017-09-06,,,Full Moon
31,2017-09-03,Dyer Island Western Cape Province SOUTH AFRICA,2.0,Full Moon
32,2017-09-03,Iwata City Shizuoka Prefecture JAPAN,9.0,Full Moon
33,2017-09-02,"Marathon, Monroe County Florida USA",-5.0,First Quarter
34,2017-09-02,"South Padre Island, Cameron County Texas USA",-6.0,First Quarter
35,2017-09-02,"New Smyrna Beach, Volusia County Florida USA",-5.0,First Quarter
36,2017-08-29,Cathedral Rock Victoria AUSTRALIA,,First Quarter
37,2017-08-27,Bathtub Beach  Florida USA,-5.0,First Quarter
38,2017-08-26,Grao de Moncofa Castellón SPAIN,1.0,First Quarter
39,2017-08-26,Off Tutukaka North Island NEW ZEALAND,,First Quarter
40,2017-08-23,"Marconi Beach, Wellfleet, Barnstable County Massachusetts USA",-5.0,New Moon
41,2017-08-18,,,Last Quarter
42,2017-08-10,"Sea Pines Resort, Hilton Head Island, Beaufort County South Carolina USA",-5.0,Full Moon
43,2017-08-05,Marsa Ghalib Red Sea Protectorate EGYPT,,Full Moon
44,2017-08-03,"Menauhant Beach, Falmouth,
Barnstable County Massachusetts USA",-5.0,First Quarter
45,2017-08-01,"Between Pescadero Point & Bean Hollow Beach, San Mateo County California USA",-8.0,First Quarter
46,2017-07-29,"Hilton Head Island, Beaufort County South Carolina USA",-5.0,First Quarter
47,2017-07-29,"DeBordieu Colony, Georgetown County South Carolina USA",-5.0,First Quarter
48,2017-07-27,Rose Island New Providence District BAHAMAS,-5.0,New Moon
49,2017-07-26,,,New Moon
50,2017-07-24,"English Bay Ascension Island ST HELENA, British overseas territory",0.0,New Moon
51,2017-07-23,Ventnor New Jersey USA,-5.0,New Moon
52,2017-07-23,"Estanys Beach, Colonia de Sant Majorca SPAIN",1.0,New Moon
53,2017-07-22,"Snipes Point, Monroe County Florida USA",-5.0,New Moon
54,2017-07-20,"Hilton Head Island, Beaufort County South Carolina USA",,Last Quarter
55,2017-07-20,"Stearns Wharf, Santa Barbara California USA",-8.0,Last Quarter
56,2017-07-20,"Seal Rock, Goleta Beach, Santa Barbara California USA",-8.0,Last Quarter
57,2017-07-16,"South Beach, Westport, Grays Harbor County Washington USA",-8.0,Last Quarter
58,2017-07-11,"Santa Cruz, Santa Cruz County California USA",-8.0,Full Moon
59,2017-07-09,"Haulover Beach, Miami-Dade County Florida USA",-5.0,Full Moon
60,2017-07-07,"Sánchez Magallanes, Cárdenas Tabasco MEXICO",-6.0,Full Moon
61,2017-07-07,"Nahoon Reef, East London Eastern Cape Province SOUTH AFRICA",2.0,Full Moon
62,2017-07-02,Moya Anjouan COMOROS,,First Quarter
63,2017-06-29,Wrightsville Beach South Carolina USA,-5.0,First Quarter
64,2017-06-21,Hilton Head South Carolina USA,,New Moon
65,2017-06-19,"Singer Island, Palm Beach County Florida USA",,Last Quarter
66,2017-06-18,Hilton Head South Carolina USA,-5.0,Last Quarter
67,2017-06-18,,,Last Quarter
68,2017-06-17,Playa d’en Bossa Ibiza Island SPAIN,1.0,Last Quarter
69,2017-06-14,,,Last Quarter
70,2017-06-11,"Point Casuarina, Bunbury Western Australia AUSTRALIA",8.0,Full Moon
71,2017-06-10,"Flinders, Mornington Penisula Victoria AUSTRALIA",11.0,Full Moon
72,2017-06-10,"Ponce Inlet, Volusia County Florida USA",-5.0,Full Moon
73,2017-06-07,Bantham Beach South Devon UNITED KINGDOM,0.0,Full Moon
74,2017-06-04,"Middle Sambo Reef off Boca Chica, Monroe County Florida USA",,First Quarter
75,2017-06-02,Athol Island New Providence  BAHAMAS,-5.0,First Quarter
76,2017-05-30,"Awendaw, Charleston County South Carolina USA",-5.0,First Quarter
77,2017-05-28,Off Jupiter Florida USA,-5.0,New Moon
78,2017-05-27,Evans Head New South Wales AUSTRALIA,11.0,New Moon
79,2017-05-12,"Khor Fakkan Sharjah,  UNITED ARAB EMIRATES",4.0,Full Moon
80,2017-05-06,Weipa Queensland AUSTRALIA,10.0,First Quarter
81,2017-05-06,"Los Arbolitos, Cabo Pulmo Baja California Sur MEXICO",-7.0,First Quarter
82,2017-05-03,"Sunset Beach, Orange County California USA",-8.0,First Quarter
83,2017-04-29,"San Onofre, San Diego County  California USA",-8.0,New Moon
84,2017-04-29,"Keurbooms, Plettenberg Bay Western Cape Province SOUTH AFRICA",2.0,New Moon
85,2017-04-29,"Folly Beach, Charleston County South Carolina USA",-5.0,New Moon
86,2017-04-29,Pointe au Sal Saint-Leu REUNION,,New Moon
87,2017-04-27,"Porpoise Bay, Catlins South Island NEW ZEALAND",13.0,New Moon
88,2017-04-26,,,New Moon
89,2017-04-22,"English Bay Ascension Island ST HELENA, British overseas territory",0.0,Last Quarter
90,2017-04-20,Georgetown County South Carolina USA,-5.0,Last Quarter
91,2017-04-17,"Daytona Beach, Volusia County Florida USA",-5.0,Last Quarter
92,2017-04-17,Kelpies near Wylie Bay Western Australia AUSTRALIA,8.0,Last Quarter
93,2017-04-14,"Kekaha Beach, Kauai Hawaii USA",-10.0,Full Moon
94,2017-04-13,"Hanna Park, Jacksonville, Duval County Florida USA",-5.0,Full Moon
95,2017-04-12,St. Augustine Florida USA,-5.0,Full Moon
96,2017-04-12,Protea Banks KwaZulu-Natal SOUTH AFRICA,2.0,Full Moon
97,2017-04-11,"Ormond Beach, Volusia County Florida USA",-5.0,Full Moon
98,2017-04-10,"Melbourne Beach, Brevard County Florida USA",-5.0,Full Moon
99,2017-04-06,"Daytona, Volusia County Florida USA",-5.0,First Quarter
100,2017-04-05,"New Smyrna Beach, Volusia County Florida USA",-5.0,First Quarter
101,2017-04-02,Moreton Bay Queensland AUSTRALIA,10.0,First Quarter
102,2017-04-02,"Destin, Okaloosa County Florida USA",-6.0,First Quarter
103,2017-03-27,"New Smyrna Beach, Volusia County Florida USA",-5.0,New Moon
104,2017-03-19,The Farm New South Wales AUSTRALIA,11.0,Last Quarter
105,2017-03-18,Monterey Bay California USA,-8.0,Last Quarter
106,2017-03-09,,,First Quarter
107,2017-02-25,Mauds Point Western Australia AUSTRALIA,8.0,New Moon
108,2017-02-24,"Falcon Bay Beach, Mandurah Western Australia AUSTRALIA",8.0,New Moon
109,2017-02-21,,,Last Quarter
110,2017-02-17,Eva Rock Queensland AUSTRALIA,10.0,Last Quarter
111,2017-02-11,"Melbourne Beach, Brevard County Florida USA",-5.0,Full Moon
112,2017-02-06,Fernando de Noronha Marine Park Pernambuco BRAZIL,-2.0,First Quarter
113,2017-02-06,Eastmoor Crescent Beach KwaZulu-Natal SOUTH AFRICA,2.0,First Quarter
114,2017-02-01,16 miles off Hilton Head South Carolina USA,-5.0,First Quarter
115,2017-02-01,,,First Quarter
116,2017-01-22,"Vero Beach, Indian River County Florida USA",-5.0,Last Quarter
117,2017-01-21,"Boot Reef, Torres Strait Queensland AUSTRALIA",,Last Quarter
118,2017-01-13,Clairview Queensland AUSTRALIA,10.0,Full Moon
119,2017-01-13,Jensen Beach Florida USA,-5.0,Full Moon
120,2017-01-09,Balian Beach Bali INDONESIA,8.0,First Quarter
121,2017-01-08,,,First Quarter
122,2017-01-05,"Blockhouse Beach, Brevard County Florida USA",-5.0,First Quarter
123,2017-01-03,Merimbula New South Wales AUSTRALIA,11.0,First Quarter
124,2016-12-27,"Avalon State Park Beach, North Hutchinson Island, St Lucie County Florida USA",-5.0,New Moon
125,2016-12-24,"Bundegi Sanctuary Zone, Ningaloo Western Australia AUSTRALIA",,Last Quarter
126,2016-12-19,"Keurbooms Lagoon, Plettenberg Bay Western Cape Province SOUTH AFRICA",2.0,Last Quarter
127,2016-12-14,Trigg Beach Western Australia AUSTRALIA,8.0,Full Moon
128,2016-12-11,"New Smyrna Beach, Volusia County Florida USA",-5.0,Full Moon
129,2016-12-06,Merimbula New South Wales AUSTRALIA,11.0,First Quarter
130,2016-12-01,Booti Booti National Park New South Wales AUSTRALIA,11.0,New Moon
131,2016-11-28,Queenscliff Victoria AUSTRALIA,11.0,New Moon
132,2016-11-14,"Kamaole Beach Park I, Maui Hawaii USA",-10.0,Full Moon
133,2016-10-30,"Mayport Naval Station Beach, Duval County Florida USA",-5.0,New Moon
134,2016-10-29,Mayport Naval Station  Duval County Florida USA,-5.0,New Moon
135,2016-10-24,Broken Head Beach New South Wales AUSTRALIA,11.0,Last Quarter
136,2016-10-21,"Hooipa Beach Park, Maui Hawaii USA",-10.0,Last Quarter
137,2016-10-15,"Kings Beach, Caloundra Queensland AUSTRALIA",10.0,Full Moon
138,2016-10-14,"Charlie Young Beach, Kihei, Maui Hawaii USA",-10.0,Full Moon
139,2016-10-13,,,Full Moon
140,2016-10-12,"Sharpes Beach, Ballina New South Wales AUSTRALIA",11.0,First Quarter
141,2016-10-10,"Indian Beach, Ecola State Park, Clatsop County Oregon USA",-8.0,First Quarter
142,2016-10-02,"New Smyrna Beach, Volusia County Florida USA",-5.0,New Moon
143,2016-10-01,"New Smyrna Beach, Volusia County Florida USA",-5.0,New Moon
144,2016-09-26,"Lighthouse Beach, Ballina New South Wales AUSTRALIA",11.0,Last Quarter
145,2016-09-18,"New Smyrna Beach, Volusia County Florida USA",-5.0,Full Moon
146,2016-09-17,"Bunkers, Humboldt Bay, Eureka, Humboldt County California USA",-8.0,Full Moon
147,2016-09-17,Thirteenth Beach Victoria AUSTRALIA,11.0,Full Moon
148,2016-09-15,Bells Beach Victoria AUSTRALIA,11.0,Full Moon
149,2016-09-15,Bunbury Western Australia AUSTRALIA,,Full Moon
150,2016-09-11,"Ponte Vedra, St. Johns County Florida USA",,First Quarter
151,2016-09-07,"Makaha, Oahu Hawaii USA",,First Quarter
152,2016-09-06,Koumac North Province NEW CALEDONIA,11.0,First Quarter
153,2016-09-05,"Kingston Plantation, Myrtle Beach, Horry County South Carolina USA",-5.0,New Moon
154,2016-09-05,Injidup  Western Australia AUSTRALIA,8.0,New Moon
155,2016-09-04,"New Smyrna Beach, Volusia County Florida USA",-5.0,New Moon
156,2016-09-01,"Refugio State Beach, Santa Barbara County California USA",-8.0,New Moon
157,,,,New Moon
158,,Salou Catalonia SPAIN,1.0,New Moon
159,,Green Island New South Wales AUSTRALIA,11.0,New Moon
160,,"Leftovers near Chun's Reef, Oahu Hawaii USA",,New Moon
161,,"Ponte Vedra Beach, St Johns County Florida USA",-5.0,New Moon
162,,Guantanamo Guantanamo Province CUBA,-5.0,New Moon
163,,Plettenberg Bay Western Cape Province SOUTH AFRICA,2.0,New Moon
164,,Chidenguele Inhambane Province MOZAMBIQUE,2.0,New Moon
165,,Hutchinson Island Florida USA,,New Moon
166,,"Rock-a-Nore, Hastings Sussex UNITED KINGDOM",0.0,New Moon
167,,"Off Fort Pierce, St. Lucie County Florida USA",,New Moon
168,,Playas de Tijuana Baja California MEXICO,-8.0,New Moon
169,,"Wailea, Maui Hawaii USA",-10.0,New Moon
170,,Marques Island Florida USA,-5.0,New Moon
171,,"Mornington Island, Gulf of Carpentaria Queensland AUSTRALIA",10.0,New Moon
172,,Kaala-Gomen  North Province NEW CALEDONIA,11.0,New Moon
173,2016-08-29,"New Smyrna Beach, Volusia County Florida USA",-5.0,New Moon
174,2016-08-27,,,Last Quarter
175,2016-08-25,"Ponte Vedra, St. Johns County Florida USA",-5.0,Last Quarter
176,2016-08-07,Nassau New Providence Island BAHAMAS,-5.0,First Quarter
177,2016-08-06,Maui Hawaii USA,-10.0,New Moon
178,2016-08-04,"New Smyrna Beach, Volusia County Florida USA",-5.0,New Moon
179,2016-07-29,Arenales del Sol Alicante Province SPAIN,,Last Quarter
180,2016-07-28,,,Last Quarter
181,2016-07-28,Near Albany Western Australia AUSTRALIA,8.0,Last Quarter
182,2016-07-27,"Florida Keys, Monroe County Florida USA",-5.0,Last Quarter
183,2016-07-26,"Sharpes Beach, Ballina New South Wales AUSTRALIA",11.0,Last Quarter
184,2016-07-24,Irino Beach Kochi Prefecture JAPAN,9.0,Last Quarter
185,2016-07-23,Clifton Beach Tasmania AUSTRALIA,11.0,Full Moon
186,2016-07-23,Green Turtle Cay Abaco Islands BAHAMAS,-5.0,Full Moon
187,2016-07-20,"20 k off The Spit, off the Gold Coast Queensland AUSTRALIA",10.0,Full Moon
188,2016-07-17,8 miles off Mobile Alabama USA,-6.0,Full Moon
189,2016-07-16,"New Smyrna Beach, Volusia County Florida USA",-5.0,Full Moon
190,2016-07-15,"Surfside, Orange County California USA",-8.0,First Quarter
191,2016-07-15,"North Myrtle Beach, Horry County South Carolina USA",-5.0,First Quarter
192,2016-07-14,,,First Quarter
193,2016-07-08,"Las Teresitas, Tenerife Canary Islands SPAIN",,New Moon
194,2016-07-08,"Capitola, Santa Cruz County California USA",-8.0,New Moon
195,2016-07-07,"Off Gloucester, Essec County Massachusetts USA",-5.0,New Moon
196,2016-07-07,"Off Palos Verdes peninsula, Los Angeles County California USA",-8.0,New Moon
197,2016-07-06,"Melbourne Beach, Brevard County Florida USA",-5.0,New Moon
198,2016-07-04,Palm Cove  Queensland AUSTRALIA,10.0,New Moon
199,2016-06-27,Sullivan's Island South Carolina USA,-5.0,Last Quarter
200,2016-06-25,"Atlantic Beach, Emerald Isle, Carteret County North Carolina USA",-5.0,Last Quarter
201,2016-06-24,,,Full Moon
202,2016-06-23,Ryspunt Western Cape Province SOUTH AFRICA,2.0,Full Moon
203,2016-06-21,"North Myrtle Beach, Horry County South Carolina USA",-5.0,Full Moon
204,2016-06-21,"Pelican Beach Park, Satellite Beach, Brevard County Florida USA",-5.0,Full Moon
205,2016-06-15,"Kalapaki Beach, Kauai Hawaii USA",-10.0,First Quarter
206,2016-06-15,Coral Bay Western Australia AUSTRALIA,8.0,First Quarter
207,2016-06-14,"Pirates Beach, Galveston Texas USA",-6.0,First Quarter
208,2016-06-11,"Atlantic Beach, Emerald Isle, Carteret County North Carolina USA",-5.0,First Quarter
209,2016-06-07,"Folly Beach, Charleston County South Carolina USA",-5.0,New Moon
210,2016-06-05,"Flagler Beach, Flagler County Florida USA",-5.0,New Moon
211,2016-06-05,Mindarie Western Australia AUSTRALIA,8.0,New Moon
212,2016-06-04,Ain Sokhna Suez EGYPT,2.0,New Moon
213,2016-06-02,Kingscliff New South Wales AUSTRALIA,11.0,New Moon
214,2016-06-02,,,New Moon
215,2016-05-31,"Falcon Beach, Mandurah Western Australia AUSTRALIA",8.0,Last Quarter
216,2016-05-29,"Corona Del Mar, Newport, Orange County California USA",-8.0,Last Quarter
217,2016-05-29,"Neptune, Duval County Florida USA",-5.0,Last Quarter
218,2016-05-22,"Vero Beach, Indian River County Florida USA",-5.0,Full Moon
219,2016-05-21,"St. Petersburg, Pinellas County Florida USA",-5.0,Full Moon
220,2016-05-21,"Hugenot Beach , Jacksonville, Duval County Florida USA",-5.0,Full Moon
221,2016-05-18,"Ponte Vedra, St. Johns County Florida USA",-5.0,Full Moon
222,2016-05-15,"Boca Raton, Palm Beach County Florida USA",-5.0,First Quarter
223,2016-05-03,"Wailea Beach, Maui Hawaii USA",-10.0,Last Quarter
224,2016-05-02,Cormandel North Island NEW ZEALAND,,Last Quarter
225,2016-04-25,Balian Bali INDONESIA,8.0,Full Moon
226,2016-04-23,"New Smyrna Beach, Volusia County Florida USA",-5.0,Full Moon
227,2016-04-22,"Robberg Beach, Plettenberg Bay Western Cape Province SOUTH AFRICA",2.0,Full Moon
228,2016-04-19,"First Sun Beach, Byron Bay New South Wales AUSTRALIA",11.0,Full Moon
229,2016-04-18,Makemo Atoll Tuamotos FRENCH POLYNESIA,-10.0,First Quarter
230,2016-04-13,"Off Singer Island, Palm Beach County Florida USA",-5.0,First Quarter
231,2016-04-09,Poe Beach Grand Terre NEW CALEDONIA,11.0,New Moon
232,2016-04-08,,,New Moon
233,2016-04-07,"Florida Keys, Monroe County Florida USA",-5.0,New Moon
234,2016-04-07,"Corners Beach, Jupiter, Palm Beach County Florida USA",-5.0,New Moon
235,2016-03-31,"Olowalu, Maui Hawaii USA",-10.0,Last Quarter
236,2016-03-30,Bombo Beach New South Wales AUSTRALIA,11.0,Last Quarter
237,2016-03-28,"Fort Myers Beach, Lee County Florida USA",-5.0,Last Quarter
238,2016-03-28,North Cronulla Beach New South Wales AUSTRALIA,11.0,Last Quarter
239,2016-03-26,,,Full Moon
240,2016-03-13,"Bolsa Chica State Park, Orange County California USA",-8.0,First Quarter
241,2016-03-11,"Vero Beach, St. Lucie County Florida USA",-5.0,New Moon
242,2016-03-10,,,New Moon
243,2016-03-04,"Ocean Reef Park, Singer Island, Palm Beach County Florida USA",-5.0,Last Quarter
244,2016-03-03,Wrights Bay South Australia AUSTRALIA,,Last Quarter
245,2016-03-02,Escalerio Beach Balneário Camboriú Santa Catarina State BRAZIL,,Last Quarter
246,2016-02-22,"Ricaudy Reef, Noumea South Province NEW CALEDONIA",11.0,Full Moon
247,2016-02-19,Yate South Province NEW CALEDONIA,11.0,First Quarter
248,2016-02-12,"Bavaro Beach, Punta Cana Altagracia Province DOMINICAN REPUBLIC",-4.0,First Quarter
249,2016-02-10,Stingray City Bar Grand Cayman CAYMAN ISLANDS,-5.0,New Moon
250,2016-02-10,Nettley Bay Tasmania AUSTRALIA,11.0,New Moon
251,2016-02-05,Stradbroke Island Queensland AUSTRALIA,10.0,New Moon
252,2016-02-04,Hams Beach New South Wales AUSTRALIA,11.0,Last Quarter
253,2016-01-29,,,Last Quarter
254,2016-01-28,"Hanalei Bay, Kauai Hawaii USA",-10.0,Full Moon
255,2016-01-25,"Hanalei Bay, Kauai,  Hawaii USA",-10.0,Full Moon
256,2016-01-24,Off Surfside Texas USA,-6.0,Full Moon
257,2016-01-24,35 miles off Fujairah Fujairah Emirate UNITED ARAB EMIRATES,,Full Moon
258,2016-01-23,"Wailea Beach, Maui Hawaii USA",-10.0,Full Moon
259,2016-01-11,"Happy Valley Beach, Caloundra Queensland AUSTRALIA",10.0,New Moon
260,2016-01-05,Heron Island Queensland AUSTRALIA,10.0,Last Quarter
261,2016-01-02,Miall Island Queensland AUSTRALIA,10.0,Last Quarter
262,2015-12-26,Westbrook Beach KwaZulu-Natal SOUTH AFRICA,2.0,Full Moon
263,2015-12-25,"Arinaga Beach, Aguimes, Gran Canaria Grand Canary Island SPAIN",0.0,Full Moon
264,2015-12-22,La'aloa Beach Park Hawaii USA,-10.0,First Quarter
265,2015-12-21,Bondi Beach New South Wales AUSTRALIA,11.0,First Quarter
266,2015-12-21,Fernano de Noronha Pernambuco BRAZIL,-2.0,First Quarter
267,2015-12-19,,,First Quarter
268,2015-12-13,Lake Macquarie New South Wales AUSTRALIA,11.0,New Moon
269,2015-12-11,,,New Moon
270,2015-12-08,Mpande Eastern Cape Province SOUTH AFRICA,2.0,New Moon
271,2015-11-20,"Punta Vicente Roca, Isabella Island Galapagos Islands ECUADOR",-6.0,First Quarter
272,2015-11-16,"Playalinda Beach, Brevard County Florida USA",-5.0,First Quarter
273,2015-11-15,"Palm Beach, Palm Beach County Florida USA",-5.0,New Moon
274,2015-11-15,"Ocean Reef Park, Singer Island, Palm Beach County Florida USA",-5.0,New Moon
275,2015-11-10,East Ballina New South Wales AUSTRALIA,11.0,New Moon
276,2015-12-23,"Paradise Beach, Melbourne, Brevard County Florida USA",-5.0,Full Moon
277,2015-11-03,"Kehena Beach, Hawaii Hawaii USA",-10.0,Last Quarter
278,2015-11-01,"Cocoa Beach, Brevard  County Florida USA",-5.0,Last Quarter
279,2015-11-01,Maxixe Inhambane Province MOZAMBIQUE,2.0,Last Quarter
280,2015-10-30,Bald Island Western Australia AUSTRALIA,8.0,Full Moon
281,2015-10-28,"Malaka, Oahu Hawaii USA",,Full Moon
282,2015-10-25,Stil Bay Western Cape Province SOUTH AFRICA,2.0,Full Moon
283,2015-10-21,"Playalinda Beach, Brevard County Florida USA",-5.0,First Quarter
284,2015-10-19,"Deerfield Beach, Broward County Florida USA",-5.0,First Quarter
285,2015-10-17,"Nahaduga, Inhambane Bay Inhambane Province MOZAMBIQUE",,First Quarter
286,2015-10-17,"Waikiki,  Hawaii USA",-10.0,First Quarter
287,2015-10-17,"Lanikai Beach, Kailua, Oahu Hawaii USA",-10.0,First Quarter
288,2015-10-13,"Off Leffingwell Landing, San Luis Obispo County California USA",-8.0,New Moon
289,2015-10-09,"Shipyard Beach Club, Hilton Head Island, Beaufort County South Carolina USA",-5.0,New Moon
290,2015-10-09,"Leftovers, Oahu Hawaii USA",-10.0,New Moon
291,2015-10-08,"Maxixe, Inhambane Bay Inhambane Province MOZAMBIQUE",,Last Quarter
292,2015-10-07,Pyramids Beach Western Australia AUSTRALIA,8.0,Last Quarter
293,2015-10-05,"Pepper Park Beach, St. Lucie County Florida USA",-5.0,Last Quarter
294,2015-10-05,Galveston Texas USA,-6.0,Last Quarter
295,2015-10-04,"New Smyrna Beach, Volusia County Florida USA",-5.0,Last Quarter
296,2015-09-29,"Vilano Beach, St.  Johns County Florida USA",-5.0,Full Moon
297,2015-09-26,"Russel Island, Frankland Group Queensland AUSTRALIA",10.0,Full Moon
298,2015-09-24,"Horseshoe Rock, Santa Barbara County California USA",,First Quarter
299,2015-09-20,"New Smyrna Beach, Volusia County Florida USA",-5.0,First Quarter
300,2015-09-20,"Upolu Point, North Kohala, Big Island Hawaii USA",-10.0,First Quarter
301,2015-09-20,"Fernandina Beach, Amelia Island, Nassau County Florida USA",-5.0,First Quarter
302,2015-09-20,"Vilano Beach, St.  Johns County Florida USA",-5.0,First Quarter
303,2015-09-18,"Big Talbot Island, Duval County Florida USA",-5.0,First Quarter
304,2015-09-17,"Jacksonville Beach, Duval County Florida USA",-5.0,New Moon
305,2015-09-08,North Shelly Beach New South Wales AUSTRALIA,11.0,Last Quarter
306,2015-09-06,"El Pescador Beach, Los Angeles County California USA",-8.0,Last Quarter
307,2015-09-05,"Deer Creek Beach, Ventura County California USA",-8.0,Last Quarter
308,2015-09-04,Hallidays Point New South Wales AUSTRALIA,11.0,Last Quarter
309,2015-09-03,"Myrtle Beach, Horry County South Carolina USA",-5.0,Last Quarter
310,2015-09-01,Karon Beach Phuket THAILAND,7.0,Full Moon
311,2015-08-29,"Morro Strand State Beach, San Luis Obispo County California USA",,Full Moon
312,2015-08-29,"Morro Bay, San Luis Obispo County California USA",-8.0,Full Moon
313,2015-08-22,"Cocoa Beach, Brevard  County Florida USA",-5.0,First Quarter
314,2015-08-22,Lighthouse Beach New South Wales AUSTRALIA,11.0,First Quarter
315,2015-08-20,"Murrells Inlet, Georgetown County South Carolina USA",-5.0,First Quarter
316,2015-08-19,"Jacksonville Beach, Duval County Florida USA",-5.0,First Quarter
317,2015-08-18,Santa Barbara County California USA,,New Moon
318,2015-08-18,"Poniente Beach, Benidorm Alicante SPAIN",1.0,New Moon
319,2015-08-10,Cortes Bank California USA,-7.0,Last Quarter
320,2015-07-31,Evans Head New South Wales AUSTRALIA,11.0,Full Moon
321,2015-07-28,Playa Grande Guanacaste COSTA RICA,-6.0,Full Moon
322,2015-07-27,Tyrendarra Beach Victoria AUSTRALIA,11.0,First Quarter
323,2015-07-26,"Daytona Beach, Volusia County Florida USA",-5.0,First Quarter
324,2015-07-26,"Edisto Beach, Colleton County South Carolina USA",-5.0,First Quarter
325,2015-07-25,"Lachan Island, Mercury Passage Tasmania AUSTRALIA",,First Quarter
326,2015-07-23,"La Jolla, San Diego County California USA",-8.0,First Quarter
327,2015-07-23,Tyrendarra Beach near Portland Victoria AUSTRALIA,11.0,First Quarter
328,2015-07-22,,,First Quarter
329,2015-07-19,Jeffrey's Bay Eastern Cape Province SOUTH AFRICA,2.0,New Moon
330,2015-07-01,"Huntington Beach, Orange County California USA",-8.0,Full Moon
331,2015-07-01,"Ocracoke, Lifeguard Beach, National Park Service, Hyde County North Carolina USA",-5.0,Full Moon
332,2015-07-08,"Huntington Beach, Orange County California USA",-8.0,Last Quarter
333,2015-07-06,,,Last Quarter
334,2015-07-04,"Port Lucaya, Freeport Grand Bahama Island BAHAMAS",-5.0,Full Moon
335,2015-07-04,"Off Surf City, Pender County North Carolina USA",-5.0,Full Moon
336,2015-07-03,Lennox Head New South Wales AUSTRALIA,11.0,Full Moon
337,2015-07-02,East Ballina New South Wales AUSTRALIA,,Full Moon
338,2015-06-30,"Flat Rock, Yamba New South Wales AUSTRALIA",11.0,Full Moon
339,2015-06-30,"Isle of Palms County Park, Isle of Palms, Charleston County South Carolina USA",-5.0,Full Moon
340,2015-06-27,"Rodanthe, Dare County North Carolina USA",-5.0,First Quarter
341,2015-06-27,Buffels Bay near Knysna Western Cape Province SOUTH AFRICA,2.0,First Quarter
342,2015-06-26,"Jacksonville Beach, Duval County Florida USA",-5.0,First Quarter
343,2015-06-26,"Lookout Beach, Plettenberg Bay Western Cape Province SOUTH AFRICA",2.0,First Quarter
344,2015-06-26,"South Beach, Hunting Island State Park, Beaufort County South Carolina USA",-5.0,First Quarter
345,2015-06-25,Rottnest Island Western Australia AUSTRALIA,8.0,First Quarter
346,2015-06-25,"Avon, Hatteras Island, Outer Banks, Dare County North Carolina USA",-5.0,First Quarter
347,2015-06-24,Surf City North Carolina USA,-5.0,First Quarter
348,2015-06-24,Denmark Western Australia AUSTRALIA,8.0,First Quarter
349,2015-06-23,"St. Helena Island, Beaufort County South Carolina USA",-5.0,First Quarter
350,2015-06-19,,,New Moon
351,2015-06-17,Daytona Beach Shores Florida USA,-5.0,New Moon
352,2015-06-14,"Oak Island, Brunswick County North Carolina USA",-5.0,New Moon
353,2015-06-13,Off San Diego California USA,-8.0,Last Quarter
354,2015-06-11,"Ocean Isle, Brunswick County North Carolina USA",-5.0,Last Quarter
355,2015-06-07,"Lori Wilson Park, Cocoa Beach, Brevard  County Florida USA",-5.0,Last Quarter
356,2015-06-05,Fort Lauderdale Florida USA,-5.0,Full Moon
357,2015-06-01,Folette Le Port REUNION,4.0,Full Moon
358,2015-05-29,"Cocoa Beach, Brevard  County Florida USA",-5.0,First Quarter
359,2015-05-29,"New Smyrna Beach, Volusia County Florida USA",-5.0,First Quarter
360,2015-05-25,Avatoru Pass Rangiroa FRENCH POLYNESIA,-10.0,First Quarter
361,2015-05-24,"Cocoa Beach, Brevard  County Florida USA",-5.0,First Quarter
362,2015-05-20,"New Smyrna Beach, Volusia County Florida USA",-5.0,New Moon
363,2015-05-15,Sullivan's Island South Carolina USA,-5.0,New Moon
364,2015-05-09,,,Last Quarter
365,2015-05-07,"Cocoa Beach, Brevard  County Florida USA",-5.0,Full Moon
366,2015-05-03,Saltwater Beach New South Wales AUSTRALIA,11.0,Full Moon
367,2015-05-02,Port St. John's Eastern Cape Province SOUTH AFRICA,2.0,Full Moon
368,2015-04-29,Kanahena Cove  Hawaii USA,-10.0,First Quarter
369,2015-04-26,"Resident's Beach, Marco Island Florida USA",-5.0,First Quarter
370,2015-04-25,Fishery Bay South Australia AUSTRALIA,,First Quarter
371,2015-04-24,"Belongil Beach, Byron Bay New South Wales AUSTRALIA",11.0,First Quarter
372,2015-04-13,"Florida Keys, Monroe County Florida USA",-5.0,Last Quarter
373,2015-04-12,Cap Homard Saint-Gilles-les-Bains REUNION,4.0,Last Quarter
374,2015-04-03,"3 miles off Jupiter, Palm Beach County Florida USA",-5.0,Full Moon
375,2015-04-11,McKenzies Beach New South Wales AUSTRALIA,11.0,Last Quarter
376,2015-03-29,,,First Quarter
377,2015-03-31,"Praia del Chifre, Olinda Pernambuco BRAZIL",-3.0,First Quarter
378,2015-03-26,Yellow Sands Point Eastern Cape Province SOUTH AFRICA,2.0,First Quarter
379,2015-03-21,,,New Moon
380,2015-03-18,Hapuna Beach Hawaii USA,-10.0,New Moon
381,2015-03-16,Anau Bora Bora FRENCH POLYNESIA,-10.0,Last Quarter
382,2015-03-11,"Julian Rocks, Byron Bay New South Wales AUSTRALIA",11.0,Last Quarter
383,2015-03-10,Mazlatan Sinaloa MEXICO,-7.0,Last Quarter
384,2015-03-07,"Tupapati, Hikueru Atoll Central Tuamotu FRENCH POLYNESIA",,Full Moon
385,2015-02-15,,,Last Quarter
386,2015-02-14,Ravine Mula d’Étang-Salé REUNION,,Last Quarter
387,2015-02-09,Shelly Beach New South Wales AUSTRALIA,11.0,Last Quarter
388,2015-02-08,"Seven Mile Beach, Byron Bay New South Wales AUSTRALIA",11.0,Full Moon
389,2015-02-05,Mereweather Beach New South Wales AUSTRALIA,11.0,Full Moon
390,2015-01-30,"Nerang River, Surfer's  Paradise Queensland AUSTRALIA",10.0,First Quarter
391,2015-01-27,Lahaina Hawaii USA,-10.0,First Quarter
392,2015-01-24,Flat Rock New South Wales AUSTRALIA,11.0,First Quarter
393,2015-01-23,Nahoon Beach Eastern Cape Province SOUTH AFRICA,2.0,New Moon
394,2015-01-19,Off Panama City Florida USA,-6.0,New Moon
395,2015-01-19,"Wategos Beach, Byon Bay New South Wales AUSTRALIA",11.0,New Moon
396,2015-01-17,Off Blacksmith Beach New South Wales AUSTRALIA,,New Moon
397,2015-01-16,"Mollymook Beach, Bannister Head New South Wales AUSTRALIA",11.0,Last Quarter
398,2015-01-08,,,Full Moon
399,2015-01-06,"Tahiti Beach, Elbow Cay Abaco Islands BAHAMAS",-5.0,Full Moon
400,2015-01-03,Chintsa East Beach Eastern Cape Province SOUTH AFRICA,2.0,Full Moon
401,2015-01-01,"Windsor Beach, Indian River County Florida USA",-5.0,First Quarter
402,2014-12-29,Bherwerre Beach New South Wales AUSTRALIA,,First Quarter
403,2014-12-29,Three Stripes near Cheynes Beach Western Australia AUSTRALIA,8.0,First Quarter
404,2014-12-28,,,First Quarter
405,2014-12-28,Durban KwaZulu-Natal SOUTH AFRICA,2.0,First Quarter
406,2014-12-28,"Montaña de Oro State Park, San Luis Obispo County  California USA",-8.0,First Quarter
407,2014-12-28,Paradise Beach Victoria AUSTRALIA,11.0,First Quarter
408,2014-12-23,,,New Moon
409,2014-12-15,Rudder Reef Queensland AUSTRALIA,10.0,Last Quarter
410,2014-12-03,Off Motril Granada SPAIN,1.0,Full Moon
411,2014-11-29,"Pyramids Beach, Port Bouvard Western Australia AUSTRALIA",8.0,First Quarter
412,2014-11-20,,,New Moon
413,2014-11-19,Freo Western Australia AUSTRALIA,8.0,New Moon
414,2014-11-17,"Franklin Point, San Mateo County California USA",-8.0,Last Quarter
415,2014-11-16,"Indian Harbor Beach, Brevard County Florida USA",-5.0,Last Quarter
416,2014-11-13,"Airplane Beach, Lahina, West Maui Hawaii USA",-10.0,Last Quarter
417,2014-11-10,Moonee Beach New South Wales AUSTRALIA,11.0,Full Moon
418,2014-11-08,"Fort Pierce Inlet State Park, St. Lucie County Florida USA",-5.0,Full Moon
419,2014-10-31,"North Kohala, Hawaii County Hawaii USA",-10.0,First Quarter
420,2014-10-30,Wallabi Point New South Wales AUSTRALIA,11.0,First Quarter
421,2014-10-22,"Kihei, Maui Hawaii USA",-10.0,New Moon
422,2014-10-20,"Kahului, Maui Hawaii USA",-10.0,New Moon
423,2014-10-19,"Leadbetter Beach, Santa Barbara County California USA",-8.0,Last Quarter
424,2014-10-18,"Maalaea, South Maui Hawaii USA",-10.0,Last Quarter
425,2014-10-17,Avoca Beach New South Wales AUSTRALIA,11.0,Last Quarter
426,2014-10-14,"Hilton Head Island, Beaufort County South Carolina USA",-5.0,Last Quarter
427,2014-10-12,"Melbourne Beach, Brevard County Florida USA",-5.0,Full Moon
428,2014-10-11,"Castle Rock, north of Dunsborough Western Australia AUSTRALIA",8.0,Full Moon
429,2014-10-05,"New Smyrna Beach, Volusia County Florida USA",-5.0,First Quarter
430,2014-10-07,"Cherie Down Park, Brevard County Florida USA",-5.0,Full Moon
431,2014-10-03,Santa Barbara County California USA,-8.0,First Quarter
432,2014-10-02,"Walls Beach, Vandenberg AFB, Santa Barbara County California USA",-8.0,First Quarter
433,2014-10-02,"Kelpids Beach, Wylie Bay, Esperance Western Australia AUSTRALIA",8.0,First Quarter
434,2014-09-21,"New Smyrna Beach, Volusia County Florida USA",-5.0,New Moon
435,2014-09-13,Tiahura Lagoon Moorea FRENCH POLYNESIA,-10.0,Last Quarter
436,2014-09-13,"Manresa State Beach, Santa Cruz County California USA",-8.0,Last Quarter
437,2014-09-09,"Clarkes Beach, Byron Bay New South Wales AUSTRALIA",11.0,Full Moon
438,2014-09-06,"Katrina Cut, Dauphin Island, Mobile County Alabama USA",,Full Moon
439,2014-09-03,"Manomet Point, Plymouth, Plymouth County Massachusetts USA",-5.0,First Quarter
440,2014-09-02,"Fletcher Beach, Hutchinson Island, Martin County Florida USA",-5.0,First Quarter
441,2014-08-31,"New Smyrna Beach, Volusia County Florida USA",-5.0,First Quarter
442,2014-08-29,"Ponce Inlet, Volusia County Florida USA",-5.0,New Moon
443,2014-08-29,"Atlantic Beach, Duval County Florida USA",-5.0,New Moon
444,2014-08-28,Assateague National Seashore Maryland USA,-5.0,New Moon
445,2014-08-27,Benidorm Alicante SPAIN,1.0,New Moon
446,2014-08-27,"Figure Eight Island,  New Hanover County North Carolina USA",-5.0,New Moon
447,2014-08-27,"Surfside Beach, Horry  County South Carolina USA",-5.0,New Moon
448,2014-08-25,Apalachicola Bay  Florida USA,-5.0,New Moon
449,2014-08-24,"Off Masonboro Island, New Hanover County North Carolina USA",-5.0,New Moon
450,2014-08-16,Gnaraloo Western Australia AUSTRALIA,8.0,Last Quarter
451,2014-08-12,"3 to 4 miles west of Indian Pass, Gulf County Florida USA",,Full Moon
452,2014-08-10,"Hallandale Beach, Broward County Florida USA",-5.0,Full Moon
453,2014-08-09,,,Full Moon
454,2014-08-09,"Lori Wilson Park, Cocoa Beach, Brevard  County Florida USA",-5.0,Full Moon
455,2014-08-08,"Lake Ponchartain off Southshore Harbor, New Orleans Louisiana USA",-6.0,Full Moon
456,2014-08-06,"Folly Beach, Charleston County South Carolina USA",-5.0,First Quarter
457,2014-08-05,"Cocoa Beach, Brevard  County Florida USA",-5.0,First Quarter
458,2014-08-02,"South of Cocoa Beach, Brevard County Florida USA",-5.0,First Quarter
459,2014-08-02,"Table Beach, Brevard County Florida USA",-5.0,First Quarter
460,2014-08-01,Muizenberg Western Cape Province SOUTH AFRICA,,First Quarter
461,2014-07-27,"Sunset Beach, Brunswick County North Carolina USA",-5.0,New Moon
462,2014-07-22,,,Last Quarter
463,2014-07-21,"Indialantic, Brevard County Florida USA",-5.0,Last Quarter
464,2014-07-20,"Teresita, Santa Cruz, Tenerife Canary Islands SPAIN",,Last Quarter
465,2014-07-16,"Paia Bay, Maui Hawaii USA",-10.0,Last Quarter
466,2014-07-14,Okaloosa Island Florida USA,-6.0,Full Moon
467,2014-07-13,Tiger Beach West End BAHAMAS,-5.0,Full Moon
468,2014-07-12,"Masonboro Island, New Hanover County North Carolina USA",-5.0,Full Moon
469,2014-07-09,"New Smyrna Beach, Volusia County Florida USA",-5.0,Full Moon
470,2014-07-05,"Manhattan Beach, Los Angeles County California USA",-8.0,First Quarter
471,2014-07-05,"Oceano Dunes State Beach, San Luis Obispo County California USA",-8.0,First Quarter
472,2014-07-03,"Isle of Palms, Charleston County South Carolina USA",-5.0,First Quarter
473,2014-06-27,,,New Moon
474,2014-06-25,,,New Moon
475,2014-06-18,"Middleton Point, Fleurieu Peninsula South Australia AUSTRALIA",,Last Quarter
476,2014-06-17,Horizontal Falls Western Australia AUSTRALIA,,Last Quarter
477,2014-06-09,,,First Quarter
478,2014-06-09,"Cape Henlopen State Park, Sussex County Delaware USA",-5.0,First Quarter
479,2014-06-09,"Parsons Beach,  Fleurieu Peninsula South Australia AUSTRALIA",,First Quarter
480,2014-06-08,Aichi Atsumi peninsula JAPAN,9.0,First Quarter
481,2014-06-07,"West Beach, Galveston Texas USA",-6.0,First Quarter
482,2014-06-01,Fort Lauderdale Florida USA,-5.0,New Moon
483,2014-06-01,"Seven Mile Beach, Gerroa New South Wales AUSTRALIA",11.0,New Moon
484,2014-06-01,,,New Moon
485,2014-05-27,Nerang River near Chevron Island Queensland AUSTRALIA,10.0,New Moon
486,2014-05-23,Wallis Island Wallis and Futuna FRANCE,12.0,Last Quarter
487,2014-05-22,The Australian Shark and Ray Centre New South Wales AUSTRALIA,11.0,Last Quarter
488,2014-05-15,"Juan Ponce de León Landing, Melbourne Beach, Brevard County Florida USA",-5.0,Full Moon
489,2014-05-14,"Elliston, Eyre Peninsula South Australia AUSTRALIA",,Full Moon
490,2014-05-13,"Jacksonville Beach, Duval County Florida USA",-5.0,Full Moon
491,2014-05-11,"Tybee Island, Chatham County Georgia USA",-5.0,Full Moon
492,2014-05-10,"Bethel Shoals, Indian River County Florida USA",,First Quarter
493,2014-05-06,"Coligny Beach, Hilton Head, Beaufort County South Carolina USA",-5.0,First Quarter
494,2014-05-04,Simonstown Western Cape Province SOUTH AFRICA,2.0,First Quarter
495,2014-05-01,"New Smyrna Beach, Volusia County Florida USA",-5.0,New Moon
496,2014-04-24,"South Passage, south of Coral Bay Western Australia AUSTRALIA",8.0,Last Quarter
497,2014-04-22,"Cocoa Beach, Brevard  County Florida USA",-5.0,Last Quarter
498,2014-04-15,"New Smyrna Beach, Volusia County Florida USA",-5.0,Full Moon
499,2014-04-12,,,Full Moon
500,2014-04-12,Port Alfred Eastern Cape Province SOUTH AFRICA,2.0,Full Moon
501,2014-04-04,"New Smyrna Beach, Volusia County Florida USA",-5.0,First Quarter
502,2014-04-03,Tathra New South Wales AUSTRALIA,11.0,New Moon
503,2014-03-29,Off Dawesville Cut Western Australia AUSTRALIA,8.0,New Moon
504,2014-03-22,"Second Beach, Port St Johns Eastern Cape Province SOUTH AFRICA",2.0,Last Quarter
505,2014-03-22,Delray Beach Florida USA,-5.0,Last Quarter
506,2014-03-21,Macarthur State Park Florida USA,-5.0,Last Quarter
507,2014-03-18,,,Full Moon
508,2014-03-18,Winkipop Beach Victoria AUSTRALIA,11.0,Full Moon
509,2014-03-18,Lennox Head New South Wales AUSTRALIA,11.0,Full Moon
510,2014-03-12,Lighthouse Beach New South Wales AUSTRALIA,,First Quarter
511,2014-03-13,,,Full Moon
512,2014-03-02,"Santa Lucea Beach, South Hutchinson Island, St. Lucie County Florida USA",-5.0,New Moon
513,2014-02-20,Huahine Society Islands FRENCH POLYNESIA,-10.0,Last Quarter
514,2014-02-17,,,Full Moon
515,2014-02-08,"Goldsmith Beach, Yorke Peninsula South Australia AUSTRALIA",,First Quarter
516,2014-02-07,,,First Quarter
517,2014-02-07,Porpoise Bay South Island NEW ZEALAND,13.0,First Quarter
518,2014-01-26,Umina Beach New South Wales AUSTRALIA,11.0,Last Quarter
519,2014-01-25,Garden Bay near Cosy Nook South Island NEW ZEALAND,13.0,Last Quarter
520,2014-01-04,Off Miyako Island Okinawa Prefecture JAPAN,9.0,New Moon
521,2013-12-25,"Playa Brava, Turtle Bay Santa Cruz Island ECUADOR",-6.0,Last Quarter
522,2013-12-16,"Lindéralique, Hienghène North Province NEW CALEDONIA",11.0,Full Moon
523,2013-12-13,Die Platt Western Cape Province SOUTH AFRICA,,First Quarter
524,2013-12-11,,,First Quarter
525,2013-12-10,"Ninole Bay, Hawaii County Hawaii USA",-10.0,First Quarter
526,2013-12-05,"Cocoa Beach, Brevard  County Florida USA",-5.0,New Moon
527,2013-12-02,"Shelly Beach, near Port Macquarie New South Wales AUSTRALIA",11.0,New Moon
528,2013-11-30,"Between  Makena & Molokini, Maui Hawaii USA",-10.0,New Moon
529,2013-11-29,"Riecks Point,  Campbell’s Beach,  New South Wales AUSTRALIA",11.0,Last Quarter
530,2013-11-23,"Keawekapu Beach, Kihei, Maui Hawaii USA",-10.0,Last Quarter
531,2013-11-22,Gracetown Western Australia AUSTRALIA,8.0,Last Quarter
532,2013-11-12,"Gleneden Beach, Lincoln County Oregon USA",-8.0,First Quarter
533,2013-11-10,"Trigg Beach, Perth Western Australia AUSTRALIA",8.0,First Quarter
534,2013-11-07,,,First Quarter
535,2013-11-07,"Bay Head, Ocean County New Jersey USA",-5.0,First Quarter
536,2013-10-31,"Floridana Beach, Brevard County Florida USA",-5.0,New Moon
537,2013-10-28,"Kanaha Beach, Maui Hawaii USA",-10.0,Last Quarter
538,2013-10-26,Turquoise Bay Western Australia AUSTRALIA,8.0,Last Quarter
539,2013-10-26,Ravine Mula d’Étang-Salé REUNION,,Last Quarter
540,2013-10-24,"Little Island, near Hillarys Western Australia AUSTRALIA",8.0,Last Quarter
541,2013-10-23,South Narrabeen Beach New South Wales AUSTRALIA,11.0,Last Quarter
542,2013-10-20,"Waiehu, Maui Hawaii USA",-10.0,Full Moon
543,2013-10-19,"Pila'a Beach, Kaua'i Hawaii USA",-10.0,Full Moon
544,2013-10-11,Miami Beach Florida USA,-5.0,First Quarter
545,2013-10-08,"Albatros Point, near Jeffrey's Bay Eastern Cape Province SOUTH AFRICA",2.0,New Moon
546,2013-10-05,"Off Poison Creek, Cape Arid Western Australia AUSTRALIA",,New Moon
547,2013-10-05,"Bunkers, Humboldt Bay, Eureka, Humboldt County California USA",-8.0,New Moon
548,2013-09-29,"Destin, Okaloosa County Florida USA",-6.0,Last Quarter
549,2013-09-29,"Melbourne Beach, Brevard County Florida USA",-5.0,Last Quarter
550,2013-09-25,Ashdod Southern District ISRAEL,2.0,Last Quarter
551,2013-09-21,"Panama City, Bay County Florida USA",-6.0,Full Moon
552,2013-09-21,"Ormond Beach, Volusia County Florida USA",-5.0,Full Moon
553,2013-09-14,"Carlin Park, Jupiter, Palm Beach County Florida USA",-5.0,First Quarter
554,2013-09-12,"Casino Beach, Pensacola, Escambia County Florida USA",-6.0,First Quarter
555,2013-09-08,"New Smyrna Beach,  Volusia County Florida USA",-5.0,New Moon
556,2013-09-07,"St. Helena Island, Beaufort County South Carolina USA",-5.0,New Moon
557,2013-09-07,"New Smyrna Beach,  Volusia County Florida USA",-5.0,New Moon
558,2013-09-02,"New Smyrna Beach,  Volusia County Florida USA",,New Moon
559,2013-09-01,"Ormond Beach, Volusia County Florida USA",-5.0,Last Quarter
560,2013-09-01,Key West Aquarium Florida USA,-5.0,Last Quarter
561,2013-09-01,,,Last Quarter
562,2013-08-31,"St Augustine Beach, St Johns County Florida USA",-5.0,Last Quarter
563,2013-08-31,,,Last Quarter
564,2013-08-29,"Butterfly Beach, Montecito, Santa Barbara County California USA",-8.0,Last Quarter
565,2013-08-26,Catalina Channel California USA,-8.0,Last Quarter
566,2013-08-25,,,Last Quarter
567,2013-08-25,"Winterhaven Park,           Ponce Inlet, Volusia County Florida USA",,Last Quarter
568,2013-08-18,Smiths New South Wales AUSTRALIA,11.0,Full Moon
569,2013-08-17,Pohoiki  Hawaii USA,-10.0,First Quarter
570,2013-08-14,"Pillar Point, Half-Moon Bay, San Mateo County California USA",-8.0,First Quarter
571,2013-08-13,"Makenat, Maui Hawaii USA",-10.0,First Quarter
572,2013-08-11,"Ka'a Point, Maui Hawaii USA",-10.0,First Quarter
573,2013-08-08,Folly Beach South Carolina USA,-5.0,New Moon
574,2013-08-05,,,New Moon
575,2013-07-31,"Sanibel Island, Lee County Florida USA",-5.0,Last Quarter
576,2013-07-30,"Ulua Beach, Maui Hawaii USA",-10.0,Last Quarter
577,2013-07-29,"Isle of Palms, Charleston County South Carolina USA",-5.0,Last Quarter
578,2013-07-29,Scotland Cay Abaco Islands BAHAMAS,-5.0,Last Quarter
579,2013-07-29,,,Last Quarter
580,2013-07-28,"White Plains Beach, Oahu Hawaii USA",-10.0,Last Quarter
581,2013-07-28,Compass Cay Exuma Islands BAHAMAS,-5.0,Last Quarter
582,2013-07-22,Grand Cay Abaco Islands BAHAMAS,-5.0,Full Moon
583,2013-07-19,"Boa Viagem Beach, Recife Pernambuco BRAZIL",-3.0,First Quarter
584,2013-07-17,"Gulf Shores, Baldwin County Alabama USA",-6.0,First Quarter
585,2013-07-15,"Butler Beach, St Augustine,       St. Johns County Florida USA",-5.0,First Quarter
586,2013-07-14,Le cimetière marin Saint-Paul REUNION,4.0,First Quarter
587,2013-07-11,,,New Moon
588,2013-07-09,Holden Beach. Brunswick County North Carolina USA,-5.0,New Moon
589,2013-07-02,"Sant Marti d’Empuries Beach, L’Escala Catalonia SPAIN",1.0,Last Quarter
590,2013-06-30,"Flinders, Mornington Penisula Victoria AUSTRALIA",11.0,Last Quarter
591,2013-06-27,,,Last Quarter
592,2013-06-25,Port Royal Kingston Parish JAMAICA,-5.0,Full Moon
593,2013-06-25,"Pacific State , San Mateo County California USA",-8.0,Full Moon
594,2013-06-25,"Jacksonville, Duval County Florida USA",-5.0,Full Moon
595,2013-06-18,"Kiawah Island, Charleston County South Carolina USA",-5.0,First Quarter
596,2013-06-17,Kona Coast State Park Hawaii USA,-10.0,First Quarter
597,2013-06-16,"Surfside Beach, Brazoria County Texas USA",-6.0,First Quarter
598,2013-06-15,Queensberry Bay Eastern Cape Province SOUTH AFRICA,,First Quarter
599,2013-06-14,"Atlantic Beach, Duval County Florida USA",-5.0,First Quarter
600,2013-06-06,"Myrtle Beach, Horry County South Carolina USA",-5.0,New Moon
601,2013-06-06,"Off Snipe Point, Florida Keys, Monroe County Florida USA",-5.0,New Moon
602,2013-05-27,Target Beach New South Wales AUSTRALIA,11.0,Full Moon
603,2013-05-27,"Halewia, Oahu Hawaii USA",-10.0,Full Moon
604,2013-05-23,"Ormond Beach, Volusia County Florida USA",-5.0,Full Moon
605,2013-05-23,Coral Cove Beach Pernambuco BRAZIL,-3.0,Full Moon
606,2013-05-14,,,New Moon
607,2013-05-08,"Tourmaline Surf Park, San Diego County California USA",,New Moon
608,2013-05-08,Brisant Beach Saint-Gilles REUNION,4.0,New Moon
609,2013-05-04,"Melbourne Beach, Brevard County Florida USA",-5.0,Last Quarter
610,2013-04-28,Emerald Beach New South Wales AUSTRALIA,11.0,Full Moon
611,2013-04-24,"Seagull Beach, Cancun Quintana Roo MEXICO",,Full Moon
612,2013-04-21,Crowdy Head New South Wales AUSTRALIA,11.0,First Quarter
613,2013-04-17,"Near Boynton Beach, Palm Beach County Florida USA",-5.0,First Quarter
614,2013-04-14,False Bay Western Cape Province SOUTH AFRICA,2.0,New Moon
615,2013-04-13,"New Smyrna Beach, Volusia County Florida USA",-5.0,New Moon
616,2013-04-13,,,New Moon
617,2013-04-10,"North Pass, Fakarava Tuamotus FRENCH POLYNESIA",-10.0,New Moon
618,2013-04-04,"Jensen Beach, Martin County  Florida USA",-5.0,Last Quarter
619,2013-04-02,Perth Western Australia AUSTRALIA,8.0,Last Quarter
620,2013-04-02,Ka’anapali Shores Hawaii USA,-10.0,Last Quarter
621,2013-03-31,Terrigal Beach New South Wales AUSTRALIA,11.0,Last Quarter
622,2013-03-29,,,Full Moon
623,2013-03-21,,,First Quarter
624,2013-03-21,Savannah Sound Eleuthera BAHAMAS,-5.0,First Quarter
625,2013-03-16,De Mond Western Cape Province SOUTH AFRICA,2.0,First Quarter
626,2013-03-16,Hawston Beach Western Cape Province SOUTH AFRICA,2.0,First Quarter
627,2013-03-12,Pillikin Red Light area  St. Catherine JAMAICA,,New Moon
628,2013-03-10,African Reef off Geraldton Western Australia AUSTRALIA,8.0,New Moon
629,2013-03-10,Off Likas Island Palawan PHILIPPINES,,New Moon
630,2013-03-03,Port St. John's Eastern Cape Province SOUTH AFRICA,2.0,Last Quarter
631,2013-02-27,Muriwai North Island NEW ZEALAND,13.0,Full Moon
632,2013-02-21,"Ka'anapali, Honokowai, Maui Hawaii USA",,First Quarter
633,2013-02-21,"Paia Bay, Maui Hawaii USA",-10.0,First Quarter
634,2013-02-10,"""Stuart Rocks"", Martin County Florida USA",-5.0,New Moon
635,2013-02-09,"Tapu, a dive site on the outer reefs of Bora Bora Society Islands FRENCH POLYNESIA",,New Moon
636,2013-02-01,Pedro Cays Kingston Parish JAMAICA,,Last Quarter
637,2013-01-26,Cape Nelson Victoria AUSTRALIA,11.0,Full Moon
638,2013-01-25,Noosa Queensland AUSTRALIA,10.0,Full Moon
639,2013-01-21,Bullcock Beach Queensland AUSTRALIA,10.0,First Quarter
640,2013-01-16,Kiholo Bay Hawaii USA,-10.0,First Quarter
641,2013-01-13,Great Mercury Island Mercury Islands NEW ZEALAND,13.0,New Moon
642,2013-01-05,Near Legendre Island Western Australia AUSTRALIA,8.0,Last Quarter
643,2012-12-31,"Sanibel Island, Lee County Florida USA",-5.0,Full Moon
644,2012-12-30,"Jensen Beach, Martin County  Florida USA",-5.0,Full Moon
645,2012-12-28,Between Dee Why and Long Reef New South Wales AUSTRALIA,11.0,Full Moon
646,2012-12-25,"Kylie's Beach, Diamond Head New South Wales AUSTRALIA",11.0,Full Moon
647,2012-12-19,Port St. John's Eastern Cape Province SOUTH AFRICA,2.0,First Quarter
648,2012-12-05,Trigg Beach Western Australia AUSTRALIA,8.0,Last Quarter
649,2012-12-02,Kauai Hawaii USA,-10.0,Full Moon
650,2012-11-30,"Sunday Cove, Fiordland South Island NEW ZEALAND",13.0,Full Moon
651,2012-11-27,"Kihei, Maui Hawaii USA",-10.0,Full Moon
652,2012-11-22,Mooloolaba Queensland AUSTRALIA,10.0,First Quarter
653,2012-11-19,Nuevo Altata Sinaloa MEXICO,-7.0,First Quarter
654,2012-11-04,"Melbourne Beach, Brevard County Florida USA",-5.0,Last Quarter
655,2012-11-04,"Makena Landing, Maui Hawaii USA",-10.0,Last Quarter
656,2012-10-30,"Davidson's Surf Break, Kekaha, Kaua'i Hawaii USA",,Full Moon
657,2012-10-27,"Humboldt Bay, Eureka, Humboldt County California USA",-8.0,Full Moon
658,2012-10-23,"Makena Landing, Maui Hawaii USA",-10.0,First Quarter
659,2012-10-19,"Surf Beach, Lompoc, Santa Barbara County California USA",,First Quarter
660,2012-10-18,"Seaport, Brevard County Florida USA",-5.0,New Moon
661,2012-10-18,"Ponce Inlet, Volusia County Florida USA",-5.0,New Moon
662,2012-10-16,"Kanaha Beach, Maui Hawaii USA",-10.0,New Moon
663,2012-10-11,Hobe Sound Florida USA,-5.0,Last Quarter
664,2012-10-07,Oboro Delta NIGERIA,1.0,Last Quarter
665,2012-10-02,"Davenport Landing, Santa Cruz County California USA",-8.0,Full Moon
666,2012-09-25,"Mullaloo Beach, Perth Western Australia AUSTRALIA",8.0,First Quarter
667,2012-09-24,"Melbourne Beach, Brevard County Florida USA",-5.0,First Quarter
668,2012-09-16,"Spanish House Beach, Brevard County Florida USA",-5.0,New Moon
669,2012-09-10," Cocoa Beach, Brevard  County Florida USA",-5.0,Last Quarter
670,2012-09-09,Eueiki Island Vava'u TONGA,,Last Quarter
671,2012-09-08,"New Smyrna Beach, Volusia County Florida USA",-5.0,Last Quarter
672,2012-09-08,"Lori Wilson Park, Cocoa Beach, Brevard  County Florida USA",-5.0,Last Quarter
673,2012-09-06,"South Beach, Miami-Dade County Florida USA",-5.0,Last Quarter
674,2012-09-06,"Neptune Beach, Duval County Florida USA",-5.0,Last Quarter
675,2012-09-04,"St. Augustine Beach, St. John's County Florida USA",-5.0,Full Moon
676,2012-09-02,"Melbourne Beach, Brevard County Florida USA",-5.0,Full Moon
677,2012-09-02,"New Smyrna Beach, Volusia County Florida USA",-5.0,Full Moon
678,2012-09-02,"Spreckelsville, Maui Hawaii USA",-10.0,Full Moon
679,2012-08-31,"New Smyrna Beach, Volusia County Florida USA",-5.0,Full Moon
680,2012-08-28,Off the Isle of Islay Inner Hebrides SCOTLAND,0.0,First Quarter
681,2012-08-26,Red Bluff near Quobba Station Western Australia AUSTRALIA,,First Quarter
682,2012-08-15,"Coral Cove, Cabo de Santo Agostinho Pernambuco BRAZIL",-3.0,New Moon
683,2012-08-11,"Gulf Shores, Baldwin County Alabama USA",-6.0,Last Quarter
684,2012-08-09,Ocean Reef Western Australia AUSTRALIA,8.0,Last Quarter
685,2012-08-05,Key Largo Florida USA,-5.0,Full Moon
686,2012-08-04,,,Full Moon
687,2012-07-31,Kaukura Atoll Tuamotus FRENCH POLYNESIA,-10.0,Full Moon
688,2012-07-31,"Topanga Beach, Los Angeles County California USA",-8.0,Full Moon
689,2012-07-30,Streaky Bay South Australia AUSTRALIA,,Full Moon
690,2012-07-30,"Maha‘ulepu Beach, Kauai Hawaii USA",-10.0,Full Moon
691,2012-07-24,"Ballston Beach, Truro, Cape Cod Massachusetts USA",-5.0,First Quarter
692,2012-07-23,"Ocean Isle, Brunswick County North Carolina USA",-5.0,First Quarter
693,2012-07-21,,,New Moon
694,2012-07-19,"Off Radix Village, Mayoro County Trinidad TRINIDAD & TOBAGO",,New Moon
695,2012-07-14,"Tofino, Vancouver British Colombia CANADA",-8.0,Last Quarter
696,2012-07-08,Off Wedge Island Western Australia AUSTRALIA,8.0,Last Quarter
697,2012-07-07,"North Topsail Beach, Onslow County North Carolina USA",-5.0,Full Moon
698,2012-07-07,,,Full Moon
699,2012-07-07,Ship's Graveyard off Point Lonsdale Victoria AUSTRALIA,,Full Moon
700,2012-07-06,"Pleasure Point, Santa Cruz County California USA",,Full Moon
701,2012-06-28,"Sandstrand, Jongensfontein Western Cape Province SOUTH AFRICA",2.0,First Quarter
702,2012-06-26,,,First Quarter
703,2012-06-26,"Juno Beach, Palm Beach County Florida USA",,First Quarter
704,2012-06-26,"New Smyrna Beach, Volusia County Florida USA",-5.0,First Quarter
705,2012-06-22,"Kahana Beach, Maui Hawaii USA",,New Moon
706,2012-06-22,South Cape Bay Tasmania AUSTRALIA,,New Moon
707,2012-06-20,"Bathtub Reef  Beach, Stuart, Martin County Florida USA",,New Moon
708,2012-06-19,"Mullaloo Beach, Perth Western Australia AUSTRALIA",8.0,New Moon
709,2012-06-18,"Myrtle Beach, Horry County South Carolina USA",,New Moon
710,2012-06-15,"Ocean Isle, Brunswick County North Carolina USA",-5.0,Last Quarter
711,2012-06-14,"Summerland Key, Monroe County Florida USA",-5.0,Last Quarter
712,2012-06-14,"Myrtle Beach, Horry County South Carolina USA",-5.0,Last Quarter
713,2012-06-12,"Myrtle Beach, Horry County South Carolina USA",-5.0,Last Quarter
714,2012-06-10,Port Campbell Victoria AUSTRALIA,11.0,Last Quarter
715,2012-06-03,Muravera Sardinia ITALY,1.0,Full Moon
716,2012-06-02,"Redhead Beach, Newcastle New South Wales AUSTRALIA",11.0,Full Moon
717,2012-06-02,"Bethune Beach, Volusia County Florida USA",-5.0,Full Moon
718,2012-05-31,"Myrtle Beach, Horry County South Carolina USA",-5.0,First Quarter
719,2012-05-29,"Avon, Hatteras Island, Outer Banks, Dare County North Carolina USA",-5.0,First Quarter
720,2012-05-23," Boca de la Leña, La Unión Guerrero MEXICO",,New Moon
721,2012-05-20,"Jacksonville, Duval County Florida USA",-5.0,New Moon
722,2012-05-16,"Iroquiois Point, Oahu Hawaii USA",-10.0,Last Quarter
723,2012-05-12,,,Last Quarter
724,2012-05-09,"Leffingwell Landing, Cambria,  San Luis Obispo County California USA",-8.0,Full Moon
725,2012-05-06,"Vero Beach, Indian River County Florida USA",-5.0,Full Moon
726,2012-04-19,Off Catalina Island California USA,-8.0,New Moon
727,2012-04-19,"Indialantic, Brevard County Florida USA",-5.0,New Moon
728,2012-04-11,Caves near Kogel Bay Western Cape Province SOUTH AFRICA,2.0,Last Quarter
729,2012-04-03,"Dolphin Bay, Innes National Park South Australia AUSTRALIA",,First Quarter
730,2012-03-31,Stratham Beach Western Australia AUSTRALIA,8.0,First Quarter
731,2012-03-24,"New Smyrna Beach, Volusia County Florida USA",,New Moon
732,2012-03-22,Kalbarri Western Australia AUSTRALIA,8.0,New Moon
733,2012-03-20,Nobby's Beach Queensland AUSTRALIA,10.0,New Moon
734,2012-03-15,"Jensen Beach, Martin County  Florida USA",-5.0,Last Quarter
735,2012-03-14,"New Smyrna Beach, Volusia County Florida USA",-5.0,Last Quarter
736,2012-03-14,"New Smyrna Beach, Volusia County Florida USA",,Last Quarter
737,2012-03-06,"Opunake, Taranake North Island NEW ZEALAND",13.0,Full Moon
738,2012-03-06,"Shipwreck Cove, Melbourne Aquarium Victoria AUSTRALIA",,Full Moon
739,2012-03-05,Port de la Marine Saint-Benoit REUNION,,Full Moon
740,2012-03-04,"Playalinda Beach, Brevard County Florida USA",,First Quarter
741,2012-03-03,Off Duba Tabuk Province SAUDI ARABIA,3.0,First Quarter
742,2012-03-01,Antofagasta Antofagasta Province CHILE,,First Quarter
743,2012-02-26,"Palm Beach Inlet, Palm Beach County Florida USA",-5.0,First Quarter
744,2012-02-25,Broughton Island New South Wales AUSTRALIA,11.0,New Moon
745,2012-02-20,Strandfontein Western Cape Province SOUTH AFRICA,2.0,New Moon
746,2012-02-06,Wurtulla Queensland AUSTRALIA,10.0,Full Moon
747,2012-01-27,Lanai Hawaii USA,-10.0,New Moon
748,2012-01-19,Coral Bay Western Australia AUSTRALIA,,Last Quarter
749,2012-01-22,,,New Moon
750,2012-01-18,Taimali Taitung  TAIWAN,8.0,Last Quarter
751,2012-01-18,Redhead Beach New South Wales AUSTRALIA,11.0,Last Quarter
752,2012-01-15,"Second Beach, Port St. Johns Eastern Cape Province SOUTH AFRICA",2.0,Last Quarter
753,2012-01-13,"Lincoln City, Lincoln County Oregon USA",-8.0,Last Quarter
754,2012-01-03,North Avoca Beach New South Wales AUSTRALIA,11.0,First Quarter
755,2012-01-02,Duranbah Queensland AUSTRALIA,11.0,First Quarter
756,2011-12-31,"Jupiter, Palm Beach County Florida USA",-5.0,First Quarter
757,2011-12-26,Fort James Beach St John's ANTIGUA,-4.0,New Moon
758,2011-12-25,Barandúa Beach Santa Elena ECUADOR,,New Moon
759,2011-12-23,New Smyrna Beach Florida USA,-5.0,New Moon
760,2011-12-21,"Makahuena Point, Kauai Hawaii USA",-10.0,Last Quarter
761,2011-12-21,"Noordhoek, Port Elizabeth Eastern Cape Province SOUTH AFRICA",,Last Quarter
762,2011-12-11,Angourie New South Wales AUSTRALIA,11.0,Full Moon
763,2011-12-07,Between Sodwana & Cape Vidal KwaZulu-Natal SOUTH AFRICA,2.0,Full Moon
764,2011-12-07,Maroubra New South Wales AUSTRALIA,11.0,Full Moon
765,2011-12-06,Seaside Cove Oregon USA,,First Quarter
766,2011-12-05,Bushy Ilet Queensland AUSTRALIA,10.0,First Quarter
767,2011-12-02,Broken Head New South Wales AUSTRALIA,11.0,First Quarter
768,2011-11-29,Tabanan Bali INDONESIA,8.0,First Quarter
769,2011-11-28,Peregian Queensland AUSTRALIA,10.0,New Moon
770,2011-11-22,Pigeon Point California USA,-8.0,New Moon
771,2011-11-20,Pigeon Island East New Britain PAPUA NEW GUINEA,10.0,Last Quarter
772,2011-11-12,"Punta Del Chifre Beach, Olinda Pernambuco BRAZIL",,Full Moon
773,2011-11-11,Sainte-Rose Bois-Blanc  REUNION,4.0,Full Moon
774,2011-10-29,"Marina State Beach, Monterey County California USA",-8.0,New Moon
775,2011-10-28,Spey Bay Moray SCOTLAND,0.0,New Moon
776,2011-10-28,"uShaka Aquarium, Durban KwaZulu-Natal SOUTH AFRICA",2.0,New Moon
777,2011-10-22,Rottnest Island Western Australia AUSTRALIA,8.0,Last Quarter
778,2011-10-20,"Newport, Lincoln County Oregon USA",-8.0,Last Quarter
779,2011-10-19,Elwood Beach Victoria AUSTRALIA,11.0,Last Quarter
780,2011-10-11,Cape Canaveral Florida USA,-5.0,Full Moon
781,2011-10-10,Seaside Oregon USA,-8.0,Full Moon
782,2011-10-09,Cottesloe Beach Western Australia AUSTRALIA,8.0,Full Moon
783,2011-10-05,,,First Quarter
784,2011-10-02,"Santa Maria Island, Manatee County Florida USA",-5.0,First Quarter
785,2011-10-01,"Gulf Shores, Baldwin County Alabama USA",-6.0,First Quarter
786,2011-09-30,Hatillo Beach Puerto Rico USA,-4.0,New Moon
787,2011-09-28,Playa Jackson  Samaná Province DOMINICAN REPUBLIC,,New Moon
788,2011-09-28,Clovely Beach Western Cape Province SOUTH AFRICA,2.0,New Moon
789,2011-09-24,"Santa Maria Island, Manatee County Florida USA",-5.0,Last Quarter
790,2011-09-24,"North Myrtle Beach, Horry County South Carolina USA",-5.0,Last Quarter
791,2011-09-20,Kauai Hawaii USA,-10.0,Last Quarter
792,2011-09-19,Boucan-Canot Saint-Gilles REUNION,4.0,Last Quarter
793,2011-09-17,"Mama Ngina Beach, Mombasa  Coast Province KENYA",3.0,Last Quarter
794,2011-09-16,New Smyrna Beach Florida USA,-5.0,Full Moon
795,2011-09-11,"Samoa Beach, Humboldt County California USA",-8.0,Full Moon
796,2011-09-11,"Hula, near Port Moresby Central Province PAPUA NEW GUINEA",,Full Moon
797,2011-09-04,"Nimitz State Beach, Oahu Hawaii USA",-10.0,First Quarter
798,2011-09-04, Bunker Bay Western Australia AUSTRALIA,8.0,First Quarter
799,2011-09-02,"New Smyrna Beach, Volusia County Florida USA",-5.0,First Quarter
800,2011-08-31,Crescent Beach St. Johns County Florida USA,-5.0,New Moon
801,2011-08-28,Fantome Island Queensland AUSTRALIA,,New Moon
802,2011-08-28,"Grass Island, Aransas County Texas USA",,New Moon
803,2011-08-26,Slavyanka Primorsky Krai RUSSIA,10.0,New Moon
804,2011-08-24,"Buxton Beach, Dare County North Carolina USA",-5.0,Last Quarter
805,2011-08-24,Holden Beach. Brunswick County North Carolina USA,-5.0,Last Quarter
806,2011-08-23,"Lookout Beach, near the Keurbooms river mouth in Plettenberg Bay Western Cape Province SOUTH AFRICA",2.0,Last Quarter
807,2011-08-18,"Zheltukhin Island Peter the Great Bay, Khasan, Primorsky Krai (Far East) RUSSIA",,Last Quarter
808,2011-08-17,"Kure Beach, New Hanover County North Carolina USA",-5.0,Full Moon
809,2011-08-17,"Wrightsville Beach, New Hanover County North Carolina USA",-5.0,Full Moon
810,2011-08-17,"Vityaz Telyakovsky Bay, Khasan,  Primorsky Krai (Far East) RUSSIA",,Full Moon
811,2011-08-16,"Teahupoo, Tahiti Society Islands FRENCH POLYNESIA",-10.0,Full Moon
812,2011-08-16, Vieques Puerto Rico USA,-4.0,Full Moon
813,2011-08-16,Anse Lazio  Praslin SEYCHELLES,4.0,Full Moon
814,2011-08-15,"Myrtle Beach, Horry County South Carolina USA",-5.0,Full Moon
815,2011-08-11,Beaufort Inlet North Carolina USA,-5.0,Full Moon
816,2011-08-01,Anse Lazio  Praslin SEYCHELLES,4.0,New Moon
817,2011-07-31,Praia do Pina Pernambuco BRAZIL,-3.0,New Moon
818,2011-07-30,,,New Moon
819,2011-07-25,"Egg Harbor, Atlantic County New Jersey USA",-5.0,Last Quarter
820,2011-07-22,"Cintza Beach, East London Eastern Cape Province SOUTH AFRICA",2.0,Last Quarter
821,2011-07-19,"Ocracoke Island, Hyde County North Carolina USA",-5.0,Full Moon
822,2011-07-15,Brisants.  Saint-Gilles REUNION,4.0,Full Moon
823,2011-07-13,"South Padre Island, Cameron County Texas USA",-6.0,Full Moon
824,2011-07-13,Off Lucaya Grand Bahama Island BAHAMAS,-5.0,Full Moon
825,2011-07-07,"Sunday Beach, Matagorda Island, Calhoun  County Texas USA",-6.0,First Quarter
826,2011-07-07,"Mustang Island, Nueces County Texas USA",-6.0,First Quarter
827,2011-07-06,Roches Noires Saint-Gilles REUNION,4.0,First Quarter
828,2011-07-05,"Libertad, San Onofre Sucre COLUMBIA",-5.0,First Quarter
829,2011-06-30,Mudjin Harbor Middle Caicos TURKS & CAICOS,-4.0,New Moon
830,2011-06-29,Praia do Pina Pernambuco BRAZIL,-3.0,New Moon
831,2011-06-28,Aliwal Shoal KwaZulu-Natal SOUTH AFRICA,,New Moon
832,2011-06-26,"San Onofre State Beach, San Diego County California USA",-8.0,Last Quarter
833,2011-06-24,"Perdido Key, Escambia County Florida USA",-6.0,Last Quarter
834,2011-06-21,French Cay Caicos Bank TURKS & CAICOS,-4.0,Last Quarter
835,2011-06-19,Playa Grande Guanacaste COSTA RICA,-6.0,Full Moon
836,2011-06-19,Boucan-Canot Saint-Gilles-les-Bains REUNION,4.0,Full Moon
837,2011-06-15,St. Ives Cornwall UNITED KINGDOM,0.0,Full Moon
838,2011-06-14,"Off Jupiter Inlet, Palm Beach County Florida USA",-5.0,Full Moon
839,2011-06-12,Albuquerque Cay San Andrés archipelago COLUMBIA,,First Quarter
840,2011-06-06,"La Jolla, San Diego County California USA",-8.0,First Quarter
841,2011-06-06,"New Smyrna Beach, Volusia County Florida USA",-5.0,First Quarter
842,2011-06-06,Palau Payar Kedah MALAYSIA,8.0,First Quarter
843,2011-06-01,"Follett's Island, Brazoria County Texas USA",-6.0,New Moon
844,2011-05-30,Robberg Beach Western Cape Province SOUTH AFRICA,2.0,New Moon
845,2011-05-29,"Lyman Beach, Kailua-Kona Hawaii USA",-10.0,New Moon
846,2011-05-25,"Lyman Beach, Kailua-Kona Hawaii USA",,Last Quarter
847,2011-05-22,Levan Point KwaZulu-Natal SOUTH AFRICA,,Last Quarter
848,2011-05-21,"Ponte Vedra Beach, St Johns County Florida USA",-5.0,Full Moon
849,2011-05-21,"Ormond Beach, Volusia County Florida USA",-5.0,Full Moon
850,2011-05-13,Kendec North Province NEW CALEDONIA,,First Quarter
851,2011-05-13,Miami Florida USA,-5.0,First Quarter
852,2011-05-10,Khor Fakkan  Umm al Qaywayan Province UNITED ARAB EMIRATES (UAE),,First Quarter
853,2011-05-07,Palm Beach KwaZulu-Natal SOUTH AFRICA,2.0,New Moon
854,2011-05-04,"Riviera Beach, Palm Beach County Florida USA",-5.0,New Moon
855,2011-04-26,Red Bluffs Western Australia AUSTRALIA,8.0,Last Quarter
856,2011-04-23,"New Smyrna Beach, Volusia County Florida USA",-5.0,Last Quarter
857,2011-04-22,Snapper Point South Island NEW ZEALAND,13.0,Last Quarter
858,2011-04-16,Balian Bali INDONESIA,8.0,Full Moon
859,2011-04-12,"Malake Island, Ra Province Vitu Levu FIJI",13.0,First Quarter
860,2011-04-08,Matagorda Beach Texas USA,-6.0,First Quarter
861,2011-03-29,"Gaviotas Beach, Cancun Quintana Roo MEXICO",-5.0,Last Quarter
862,2011-03-24,Crowdy Head New South Wales AUSTRALIA,11.0,Last Quarter
863,2011-03-23,,,Full Moon
864,2011-03-21,,,Full Moon
865,2011-03-21,"Jimmys Beach, Port Stephens New South Wales AUSTRALIA",11.0,Full Moon
866,2011-03-16,"Tallow Beach, Byron Bay New South Wales AUSTRALIA",11.0,First Quarter
867,2011-03-10,Between  Queensland AUSTRALIA,10.0,First Quarter
868,2011-03-10,"Bay of Bweedro, Ouvéa  Loyalty Islands NEW CALEDONIA",,First Quarter
869,2011-02-28,Trois-Roches Saint Gilles  REUNION,4.0,Last Quarter
870,2011-02-23,Off Perforated Island near Coffin Bay South Australia AUSTRALIA,,Last Quarter
871,2011-02-19,Sunshine Beach Queensland AUSTRALIA,10.0,Full Moon
872,2011-02-17,Exmouth Western Australia AUSTRALIA,8.0,Full Moon
873,2011-02-13,"Manzanillo, Revillagigedo Islands Colima MEXICO",-7.0,First Quarter
874,2011-02-12,"Sundays River Mouth, Port Elizabeth Eastern Cape Province SOUTH AFRICA",,First Quarter
875,2011-02-04,Cancun Quintana Roo MEXICO,-5.0,New Moon
876,2011-02-02,Revillagigedo Islands Colima MEXICO,-7.0,New Moon
877,2011-01-31,Tiger Beach West End BAHAMAS,-5.0,New Moon
878,2011-01-28,Cudgen Creek  New South Wales AUSTRALIA,11.0,Last Quarter
879,2011-01-26,"Second Beach, Port St. John's Eastern Cape Province SOUTH AFRICA",2.0,Last Quarter
880,2011-01-20,Xcalak  Quintana Roo MEXICO,-5.0,Full Moon
881,2011-01-15,Busselton Western Australia AUSTRALIA,8.0,First Quarter
882,2011-01-12,Guadalupe Island Baja California MEXICO,-8.0,First Quarter
883,2011-01-03,Sharm-el-Sheikh South Sinai Peninsula EGYPT,2.0,New Moon
884,2010-12-26," Kahului, Maui Hawaii USA",-10.0,Last Quarter
885,2010-12-17,Sigatoka Vitu Levu FIJI,13.0,First Quarter
886,2010-12-11,"Tavares Bay, Maui Hawaii USA",,First Quarter
887,2010-12-05,"Middle Garden, Sharm el-Shiekh South Sinai Peninsula EGYPT",,New Moon
888,2010-12-03,Balian Bali INDONESIA,8.0,New Moon
889,2010-12-01,"Ras Nasrani, Sharm el-Sheikh South Sinai Peninsula EGYPT",2.0,Last Quarter
890,2010-11-30,"Coral Bay, Sharm el-Sheikh South Sinai Peninsula EGYPT",2.0,Last Quarter
891,2010-11-27,,,Last Quarter
892,2010-11-27,Native Dog Beach Western Australia AUSTRALIA,8.0,Last Quarter
893,2010-11-19,,,Full Moon
894,2010-11-15,,,First Quarter
895,2010-11-14,Balian Bali INDONESIA,8.0,First Quarter
896,2010-11-12,Between Carnac and Garden Islands Western Australia AUSTRALIA,8.0,First Quarter
897,2010-10-30,Off Garden Island Western Australia AUSTRALIA,8.0,Last Quarter
898,2010-10-28,Cheynes Beach Western Australia AUSTRALIA,8.0,Last Quarter
899,2010-10-28,Florence Oregon USA,-8.0,Last Quarter
900,2010-10-25,,,Full Moon
901,2010-10-23,"Burnt Cove near Eastport, Washington County Maine USA",,Full Moon
902,2010-10-23,Wedge Island Western Australia AUSTRALIA,8.0,Full Moon
903,2010-10-22,"Surf Beach, Vandenberg AFB, Santa Barbara County California USA",-8.0,Full Moon
904,2010-10-20,Sharm el-Sheikh  South Sinai Peninsula EGYPT,2.0,Full Moon
905,2010-10-09,Mullaway Headland New South Wales AUSTRALIA,11.0,New Moon
906,2010-10-02,,,Last Quarter
907,2010-10-02,Elbow Cay Abaco Islands BAHAMAS,-5.0,Last Quarter
908,2010-10-01,"Melkbaai, Strand Western Cape Province SOUTH AFRICA",2.0,Last Quarter
909,2010-09-27,Winchester Bay Oregon USA,-8.0,Full Moon
910,2010-09-24,Sandridge Beach Virginia USA,-5.0,Full Moon
911,2010-09-21,Between Dyer Island and Pearly Beach Western Cape Province SOUTH AFRICA,2.0,Full Moon
912,2010-09-13,Fraser's Reef New South Wales AUSTRALIA,10.0,First Quarter
913,2010-09-07,"St. Augustine, St. John's County Florida USA",-5.0,New Moon
914,2010-09-06,,,New Moon
915,2010-09-04,"New Smyrna Beach, Volusia County Florida USA",-5.0,Last Quarter
916,2010-09-03,"New Smyrna Beach, Volusia County Florida USA",-5.0,Last Quarter
917,2010-09-02,,,Last Quarter
918,2010-08-29,"Off Jaws Beach, New Providence Island Exuma Islands BAHAMAS",,Last Quarter
919,2010-08-18,Crescent Beach St. Johns County Florida USA,-5.0,First Quarter
920,2010-08-17,Cowaramup Bay Western Australia AUSTRALIA,8.0,First Quarter
921,2010-08-14,"Pigeon Point, San Mateo County California USA",-8.0,First Quarter
922,2010-08-10,"Three Mile Creek, Townsville Queensland AUSTRALIA",10.0,New Moon
923,2010-08-10,Jeju Island Jeju Province SOUTH KOREA,9.0,New Moon
924,2010-08-08,Crescent Head New South Wales AUSTRALIA,11.0,New Moon
925,2010-08-07,"Figure Eight Island, Wilmington, New Hanover County North Carolina USA",-5.0,New Moon
926,2010-08-07,,,New Moon
927,2010-08-05,"Bethune Beach, Volusia County Florida USA",-5.0,Last Quarter
928,2010-08-02,"Near oil rig Hondo, 5 nm from Gaviota, Santa Barbara County California USA",,Last Quarter
929,2010-08-02,"Micklers Landing, St. Johns County Florida USA",-5.0,Last Quarter
930,2010-07-25,"Isle of Palms, Charleston County South Carolina USA",-5.0,Full Moon
931,2010-07-23,"Jacksonville Beach, Duval County Florida USA",-5.0,Full Moon
932,2010-07-19,Myrtle Beach South Carolina USA,-5.0,First Quarter
933,2010-07-17,"Wrightsville Beach, New Hanover County North Carolina USA",-5.0,First Quarter
934,2010-07-17,New Smyrna Beach Florida USA,-5.0,First Quarter
935,2010-07-16,"Sardina del Norte, Gáldar Grand Canary Island SPAIN",0.0,First Quarter
936,2010-07-16,Galveston Texas USA,-6.0,First Quarter
937,2010-07-11,"Lauderdale-by-the-Sea, Broward County Florida USA",-5.0,New Moon
938,2010-07-04,"Two Mile Reef, Sodwana Bay KwaZulu-Natal SOUTH AFRICA",,Last Quarter
939,2010-07-03,Off Long Island New York USA,-5.0,Last Quarter
940,2010-07-02,"Pismo Beach, San Luis  Obispo County California USA",-8.0,Last Quarter
941,2010-07-02,"Dog Patch, San Onofre California USA",-8.0,Last Quarter
942,2010-06-27,"Eight Mile Beach, Galveston Texas USA",-6.0,Full Moon
943,2010-06-25,Fripp Island South Carolina USA,-5.0,Full Moon
944,2010-06-25,"Topsail Island, Pender County North Carolina USA",-5.0,Full Moon
945,2010-06-15,Quy Nhon  Binh Dinh Province VIETNAM,7.0,New Moon
946,2010-06-10,Jacksonville Florida USA,-5.0,New Moon
947,2010-06-06,"Conspicuous Beach, near Walpole Western Australia AUSTRALIA",8.0,Last Quarter
948,2010-05-30,Off Tarpon Springs Florida USA,-5.0,Full Moon
949,2010-05-18,Quy Nhon  Binh Dinh Province VIETNAM,7.0,First Quarter
950,2010-05-18,Point Plomer New South Wales AUSTRALIA,11.0,First Quarter
951,2010-05-03," Ambatolaoka, Nosy Be Island Antsiranana Province MADAGASCAR",3.0,Last Quarter
952,2010-05-01,New Smyrna Beach Florida USA,-5.0,Full Moon
953,2010-04-28,Hanalei Bay Florida USA,-10.0,Full Moon
954,2010-04-19,"Hanalei Bay, Kauai Hawaii USA",-10.0,First Quarter
955,2010-04-13,"East Beach, Port Alfred Eastern Cape Province SOUTH AFRICA",2.0,New Moon
956,2010-04-04,Sharm el-Sheikh  Sinai Peninsula EGYPT,2.0,Last Quarter
957,2010-03-27,Bittern Saint-Benoit REUNION,,Full Moon
958,2010-02-19,Tahunanui Beach South Island NEW ZEALAND,13.0,First Quarter
959,2010-02-16,Yellow Sands Point Eastern Cape Province SOUTH AFRICA,2.0,New Moon
960,2010-02-15,Nara Reef Off Vanua Levu FIJI,,New Moon
961,2010-02-13,"Dent Island, Whitsundays Queensland AUSTRALIA",10.0,New Moon
962,2010-02-11,"Mona Vale Beach, Sydney New South Wales AUSTRALIA",11.0,New Moon
963,2010-02-06,Cosy Nook South Island NEW ZEALAND,13.0,Last Quarter
964,2010-02-06,Turners' Beach New South Wales AUSTRALIA,,Last Quarter
965,2010-02-06,Riviera Beach Florida USA,-5.0,Last Quarter
966,2010-02-04,Achang Reef Merizo GUAM,10.0,Last Quarter
967,2010-02-03,"Stuart, Martin County Florida USA",-5.0,Last Quarter
968,2010-02-01,Oreti Beach South Island NEW ZEALAND,,Full Moon
969,2010-01-30,"Atlantis Beach, near Tramandai Rio Grande Do Sul BRAZIL",,Full Moon
970,2010-01-27,Archie's Beach Queensland AUSTRALIA,10.0,Full Moon
971,2010-01-22,"Umm Suqeim Beach, Dubai Dubai UNITED ARAB EMIRATES (UAE)",4.0,First Quarter
972,2010-01-22,Geelong Victoria AUSTRALIA,,First Quarter
973,2010-01-12,Fish Hoek Western Province SOUTH AFRICA,,New Moon
974,2010-01-09,Thursday Island Torres Strait AUSTRALIA,10.0,Last Quarter
975,2010-01-09,Quy Nhon  Binh Dinh Province VIETNAM,,Last Quarter
976,2010-01-09,Quy Nhon  Binh Dinh Province VIETNAM,7.0,Last Quarter
977,2010-01-06,Elliot Key Florida USA,-5.0,Last Quarter
978,2010-01-05,"Nahoon, East London Eastern Province SOUTH AFRICA",2.0,Last Quarter
979,2009-12-29,Port Alfred Eastern Cape  Province SOUTH AFRICA,2.0,Full Moon
980,2009-12-26,Avoca Beach New South Wales AUSTRALIA,11.0,First Quarter
981,2009-12-22,Ponta do Ouro Maputo Province MOZAMBIQUE,2.0,First Quarter
982,2009-12-20,Mudjimba Island Queensland AUSTRALIA,10.0,New Moon
983,2009-12-20,Lamont Reef Queensland AUSTRALIA,10.0,New Moon
984,2009-12-18,"Second Beach, Port St. Johns Eastern Cape Province SOUTH AFRICA",2.0,New Moon
985,2009-12-18,"North Beach, Durban KwaZulu-Natal SOUTH AFRICA",2.0,New Moon
986,2009-12-16,Clark Island South Island NEW ZEALAND,13.0,New Moon
987,2009-12-13,Coffee Head New South Wales AUSTRALIA,11.0,New Moon
988,2009-12-12,Hawks Nest Beach New South Wales AUSTRALIA,11.0,Last Quarter
989,2009-12-06,"Adventure Aquarium, Camden New Jersey USA",-5.0,Last Quarter
990,2009-11-25,"Huntington Beach, Orange County California USA",-8.0,First Quarter
991,2009-11-24,"Lori Wilson Park, Cocoa Beach, Brevard County Florida USA",,First Quarter
992,2009-11-16,"Loch Lomond, Marin County California USA",,New Moon
993,2009-11-16,"Jupiter, Palm Beach County Florida USA",,New Moon
994,2009-11-13,"Jupiter, Palm Beach County Florida USA",-5.0,Last Quarter
995,2009-11-11,"New Smyrna Beach, Volusia County Florida USA",-5.0,Last Quarter
996,2009-11-08,Second Valley South Australia AUSTRALIA,,Last Quarter
997,2009-11-05,"Davenport, Santa Cruz County California USA",-8.0,Full Moon
998,2009-10-30,Portland Victoria AUSTRALIA,11.0,Full Moon
999,2009-10-29,Off Vilanculo Inhambane Province MOZAMBIQUE,,First Quarter
1000,2009-10-28,Lennox Heads New South Wales AUSTRALIA,11.0,First Quarter
1001,2009-10-24,"San Onofre, San Diego County  California USA",-8.0,First Quarter
1002,2009-10-19,"Kalama Park, Maui Hawaii USA",-10.0,New Moon
1003,2009-10-18,Playa La Cabaña  Bocas PANAMA,-5.0,New Moon
1004,2009-10-17,Deep Sea World Aquarium Fife SCOTLAND,0.0,New Moon
1005,2009-10-14,,,Last Quarter
1006,2009-10-09,"San Onofre State Beach, San Diego County California USA",-8.0,Last Quarter
1007,2009-10-02,Mewstone Rock Devon UNITED KINGDOM,,Full Moon
1008,2009-09-26,"Key Colony Beach, Monroe County Florida USA",-5.0,First Quarter
1009,2009-09-18,,,New Moon
1010,2009-09-15,,,Last Quarter
1011,2009-09-13,"Piedade, Recife Pernambuco BRAZIL",-3.0,Last Quarter
1012,2009-09-12,"Corolla, Currituck County North Carolina USA",-5.0,Last Quarter
1013,2009-09-07,"Piedade, Recife Pernambuco BRAZIL",-3.0,Full Moon
1014,2009-09-02,,,Full Moon
1015,2009-09-01,"Kirakira, Makira Island (formerly San Cristobal) Makira-Ulawa Province SOLOMON ISLANDS",11.0,Full Moon
1016,2009-08-30,"Huntington Beach, Orange County California USA",-8.0,First Quarter
1017,2009-08-29,Glentana Western Cape Province SOUTH AFRICA,2.0,First Quarter
1018,2009-08-25,"Terramar Beach, Carlsbad, San Diego County California USA",-8.0,First Quarter
1019,2009-08-11,Alkantstrand  KwaZulu-Natal SOUTH AFRICA,2.0,Last Quarter
1020,2009-08-10,"Ponce, Volusia County Florida USA",-5.0,Last Quarter
1021,2009-08-06,Kawa'a  Hawaii USA,,Full Moon
1022,2009-08-01,"Curlew Island, Breton Sound Louisiana USA",-6.0,First Quarter
1023,2009-07-31,Spanish Cay Abaco Islands BAHAMAS,-5.0,First Quarter
1024,2009-07-30,Broken Head New South Wales AUSTRALIA,11.0,First Quarter
1025,2009-07-29,Quy Nhon  Binh Dinh Province VIETNAM,7.0,First Quarter
1026,2009-07-24,Likoni Channel Mombasa KENYA,3.0,New Moon
1027,2009-07-24,South Padre Island Texas USA,-6.0,New Moon
1028,2009-07-24,Sant Salvador Catalunya SPAIN,,New Moon
1029,2009-07-22,Holden Beach. Brunswick County North Carolina USA,-5.0,New Moon
1030,2009-07-22,"Intracoastal Waterway,      St. Petersburg Florida USA",-6.0,New Moon
1031,2009-07-18,Quy Nhon  Binh Dinh Province VIETNAM,7.0,Last Quarter
1032,2009-07-11,,,Full Moon
1033,2009-07-11,"San Onofre, San Diego County  California USA",-8.0,Full Moon
1034,2009-07-07,"Jogensfontein, Stilbaai Western Cape Province SOUTH AFRICA",2.0,Full Moon
1035,2009-07-05,"Daytona Beach, Volusia County Florida USA",,Full Moon
1036,2009-07-04,"Biscayne National Park, Miami Florida USA",-5.0,Full Moon
1037,2009-06-27,"Seven Mile Beach, Gerroa New South Wales AUSTRALIA",11.0,First Quarter
1038,2009-06-21,"Shell Beach, San Luis Obispo County California USA",-8.0,New Moon
1039,2009-06-16,"Melbourne Beach, Brevard County Florida USA",-5.0,Last Quarter
1040,2009-06-14,,,Last Quarter
1041,2009-06-02,Habili Gafar St. Johns Reef EGYPT,,First Quarter
1042,2009-06-01,Habili Gafar St. Johns Reef EGYPT,,First Quarter
1043,2009-05-31,Onboard the fishing vessel Chin Sheng Fa 13   Off Green Island TAIWAN,,First Quarter
1044,2009-05-25,"Clearwater Beach, Pinellas County Florida USA",-5.0,New Moon
1045,2009-05-17,"New Smyrna Beach, Volusia County Florida USA",-5.0,Last Quarter
1046,2009-05-16,"New Smyrna Beach, Volusia County Florida USA",-5.0,Last Quarter
1047,2009-05-12,Ritidian Point North Region GUAM,10.0,Full Moon
1048,2009-05-06,,,Full Moon
1049,2009-04-28,"St. Augustine, St. John's County Florida USA",-5.0,New Moon
1050,2009-04-25,"San Onofre State Beach, San Diego County California USA",-8.0,New Moon
1051,2009-04-21,"New Smyrna Beach, Volusia County Florida USA",-5.0,Last Quarter
1052,2009-04-20,Mabini Batangas province PHILIPPINES,8.0,Last Quarter
1053,2009-04-19,"Carlin Park, Jupiter Inlet Florida USA",-5.0,Last Quarter
1054,2009-04-17,"Walton Rocks, St Lucie County Florida USA",-5.0,Last Quarter
1055,2009-04-11,Kona Hawaii USA,-10.0,Full Moon
1056,2009-04-12,Fingal Bay New South Wales AUSTRALIA,11.0,Full Moon
1057,2009-04-06,Umtentweni KwaZulu-Natal SOUTH AFRICA,2.0,First Quarter
1058,2009-04-06,San Diego County California USA,-8.0,First Quarter
1059,2009-04-03,"Sanibel Island, Lee County Florida USA",-5.0,First Quarter
1060,2009-03-27,2-3 km north of Sunday's River mouth Eastern Cape Province SOUTH AFRICA,,New Moon
1061,2009-03-21,"Second Beach, Port St. John's Eastern Cape Province SOUTH AFRICA",2.0,Last Quarter
1062,2009-03-20,Blue Bay New South Wales AUSTRALIA,11.0,Last Quarter
1063,2009-03-19,South Broulee New South Wales AUSTRALIA,11.0,Last Quarter
1064,2009-03-19,Bateman's Bay New South Wales AUSTRALIA,11.0,Last Quarter
1065,2009-03-18,"Ponce Inlet, Volusia County Florida USA",-5.0,Last Quarter
1066,2009-03-17,Pulau Payar Island Strait of Malacca MALAYSIA,8.0,Last Quarter
1067,2009-03-17,Alenuihaha Channel Hawaii USA,-10.0,Last Quarter
1068,2009-03-16,"The Natural Jetty, Rottnest Island Western Australia AUSTRALIA",,Last Quarter
1069,2009-03-06,Bourail South Province NEW CALEDONIA,11.0,First Quarter
1070,2009-03-02,Off Cape Point Western Cape Province SOUTH AFRICA,2.0,First Quarter
1071,2009-03-01,Taranaki North Island NEW ZEALAND,13.0,First Quarter
1072,2009-03-01,Avalon New South Wales AUSTRALIA,11.0,First Quarter
1073,2009-02-22,Batt Reef Queensland AUSTRALIA,10.0,New Moon
1074,2009-02-18,"Shelly Beach, near Port Macquarie New South Wales AUSTRALIA",11.0,Last Quarter
1075,2009-02-12,"Bondi Beach, Sydney New South Wales AUSTRALIA",11.0,Full Moon
1076,2009-02-11,"Garden Point, Woolloomooloo Sydney Harbour New South Wales AUSTRALIA",11.0,Full Moon
1077,2009-02-08,Quebradillas Puerto Rico USA,,Full Moon
1078,2009-02-07,Cellito Beach New South Wales AUSTRALIA,11.0,Full Moon
1079,2009-02-07,Sandon New South Wales AUSTRALIA,10.0,Full Moon
1080,2009-01-27,,,New Moon
1081,2009-01-26,,,New Moon
1082,2009-01-25,Guantanamo Bay Guantanamo Province CUBA,-5.0,New Moon
1083,2009-01-24,Alderman Islands North Island NEW ZEALAND,13.0,New Moon
1084,2009-01-24,"Surf Beach, Batemans Bay New South Wales AUSTRALIA",11.0,New Moon
1085,2009-01-24,"Second Beach, Port St. John's Eastern Cape Province SOUTH AFRICA",2.0,New Moon
1086,2009-01-23,Olho d'Água  Maranhão BRAZIL,-3.0,New Moon
1087,2009-01-18,Off Tower Hill Victoria AUSTRALIA,,Last Quarter
1088,2009-01-16,Karitane Beach South Island NEW ZEALAND,13.0,Last Quarter
1089,2009-01-13,"Shark Alley, off Gansbaai Western Cape Province SOUTH AFRICA",,Full Moon
1090,2009-01-12,"Windang,       Lake Illawara New South Wales AUSTRALIA",11.0,Full Moon
1091,2009-01-11,Binalong Bay Tasmania AUSTRALIA,11.0,Full Moon
1092,2009-01-11,Fingal Beach New South Wales AUSTRALIA,11.0,Full Moon
1093,2009-01-10,Hawkes Bay North Island NEW ZEALAND,13.0,Full Moon
1094,2009-01-10,Isla Isabella Galapagos Islands ECUADOR,-6.0,Full Moon
1095,2009-01-06,Haumoana  North Island NEW ZEALAND,13.0,First Quarter
1096,2008-12-30,"North Topsail Beach, Onslow County North Carolina USA",-5.0,New Moon
1097,2008-12-27,Port Kennedy Beach Western Australia AUSTRALIA,8.0,New Moon
1098,2008-12-27,near Schouten Island Tasmania AUSTRALIA,11.0,New Moon
1099,2008-12-27,Seal Rocks New South Wales AUSTRALIA,11.0,New Moon
1100,2008-12-27,"Long Reef, north of Sydney New South Wales AUSTRALIA",11.0,New Moon
1101,2008-12-20,Port Kennedy Beach Western Australia AUSTRALIA,8.0,Last Quarter
1102,2008-12-14,"Dillon Beach, Marin County California USA",-8.0,Full Moon
1103,2008-12-10,Maraetai North Island NEW ZEALAND,13.0,Full Moon
1104,2008-11-28,Elphinstone Reef Red Sea EGYPT,2.0,New Moon
1105,2008-11-25,Luzon Strait Batanes Provine PHILIPPINES,,New Moon
1106,2008-11-24,Santa Cruz Galapagos Islands ECUADOR,-6.0,New Moon
1107,2008-11-09,North Haven South Australia AUSTRALIA,,First Quarter
1108,2008-11-09,,,First Quarter
1109,2008-11-06,"off Paoay, Ilocos Norte Province Luzon PHILIPPINES",,First Quarter
1110,2008-10-22,"Oceanworld, Manley New South Wales AUSTRALIA",11.0,Last Quarter
1111,2008-10-21,,,Last Quarter
1112,2008-10-12,Darwin Northern Territory AUSTRALIA,,Full Moon
1113,2008-10-11,Lake Macquarie New South Wales AUSTRALIA,11.0,First Quarter
1114,2008-10-08,"Santa Rosa Beach, Walton County Florida USA",-6.0,First Quarter
1115,2008-10-06,"Smokvina Bay, Vis Island  Split-Dalmatia Count, CROATIA",1.0,First Quarter
1116,2008-09-28,"New Smyrna Beach, Volusia County Florida USA",-5.0,New Moon
1117,2008-09-28,Bethune Beach Florida USA,-5.0,New Moon
1118,2008-09-15,Near Croker Island Northern Territory AUSTRALIA,9.0,Full Moon
1119,2008-09-14,"Ormond-by-the-Sea, Volusia County Florida USA",-5.0,Full Moon
1120,2008-09-09,"Ka'a'awa, Oahu Hawaii USA",,First Quarter
1121,2008-09-08,"Surf Beach, Lompoc, Santa Barbara County California USA",-8.0,First Quarter
1122,2008-09-07,"Clarks Beach, Byron Bay New South Wales AUSTRALIA",11.0,First Quarter
1123,2008-09-06,"Ponce Inlet, New Smyrna Beach, Volusia County Florida USA",-5.0,First Quarter
1124,2008-09-01,"New Smyrna Beach, Volusia County Florida USA",-5.0,New Moon
1125,2008-08-30,"Tallow Beach, Byron Bay New South Wales AUSTRALIA",11.0,New Moon
1126,2008-08-30,"McKenzie Beach Park in Pahoa, Hawai'i  Hawaii USA",-10.0,New Moon
1127,2008-08-30, Lundy Island North Devon ENGLAND,0.0,New Moon
1128,2008-08-28,"New Smyrna Beach, Volusia County Florida USA",-5.0,New Moon
1129,2008-08-27,"New Smyrna Beach, Volusia County Florida USA",-5.0,Last Quarter
1130,2008-08-24,"New Smyrna Beach, Volusia County Florida USA",-5.0,Last Quarter
1131,2008-08-22,"Surf City, Topsail Island, Pender County North Carolina USA",-5.0,Last Quarter
1132,2008-08-20,"Sanibel Island, Lee County Florida USA",-5.0,Full Moon
1133,2008-08-18,"North Myrtle Beach, Horry County South Carolina USA",-5.0,Full Moon
1134,2008-08-16,Buck Island US Virgin Islands USA,,Full Moon
1135,2008-08-12,"New Smyrna Beach, Volusia County Florida USA",-5.0,First Quarter
1136,2008-08-11,"Ala Moana Beach Park, Oah'u Hawaii USA",-10.0,First Quarter
1137,2008-07-30,Levys Beach Victoria AUSTRALIA,,New Moon
1138,2008-07-30,,,New Moon
1139,2008-07-27,Playa Teta San Carlos PANAMA,-5.0,Last Quarter
1140,2008-07-26,,,Last Quarter
1141,2008-07-26,"Honokowai, Maui Hawaii USA",-10.0,Last Quarter
1142,2008-07-25,"New Smyrna Beach, Volusia County Florida USA",-5.0,Last Quarter
1143,2008-07-25,"Lahilahi Point, Oahu Hawaii USA",-10.0,Last Quarter
1144,2008-07-24,"Surf City, Topsail Island, Pender County North Carolina USA",-5.0,Last Quarter
1145,2008-07-24,"Topsail Island, Pender County North Carolina USA",-5.0,Last Quarter
1146,2008-07-23,"New Smyrna Beach, Volusia County Florida USA",-5.0,Last Quarter
1147,2008-07-19,"New Smyrna Beach, Volusia County Florida USA",-5.0,Full Moon
1148,2008-07-18,,,Full Moon
1149,2008-07-13,"Carolina Beach, New Hanover County North Carolina USA",-5.0,First Quarter
1150,2008-07-11,"Isle of Palms, Charleston County South Carolina USA",-5.0,First Quarter
1151,2008-07-09,"Emerald Isle, Carteret County North Carolina USA",-5.0,First Quarter
1152,2008-07-05,"Litchfield Beach, Georgetown County South Carolina USA",-5.0,New Moon
1153,2008-06-28,"Kamilo Point, Hawai'i Hawaii USA",-10.0,Last Quarter
1154,2008-06-28,,,Last Quarter
1155,2008-06-28,Mossel Bay Western Cape Province SOUTH AFRICA,2.0,Last Quarter
1156,2008-06-26,Struis Bay Western Cape Province SOUTH AFRICA,2.0,Last Quarter
1157,2008-06-26,"New Smyrna Beach, Volusia County Florida USA",-5.0,Last Quarter
1158,2008-06-26,"Isle of Palms, Charleston County South Carolina USA",-5.0,Last Quarter
1159,2008-06-24,Guarajuba Bahia BRAZIL,-3.0,Last Quarter
1160,2008-06-21,"West Cove, Catalina Island California USA",-8.0,Full Moon
1161,2008-06-20,"Fernandina Beach, Nassau County Florida USA",-5.0,Full Moon
1162,2008-06-11,"Punta Del Chifre, Olinda Pernambuco BRAZIL",,First Quarter
1163,2008-06-07,"Cocoa Beach, Brevard  County Florida USA",-5.0,New Moon
1164,2008-06-02,Balintore Bay Easter Ross SCOTLAND,,New Moon
1165,2008-06-01,Cherry Grove South Carolina USA,-5.0,New Moon
1166,2008-06-01,"Piedade, Recife Pernambuco BRAZIL",-3.0,New Moon
1167,2008-05-26,"Hammocks Beach State Park, Bear Island, Onslow County North Carolina USA",-5.0,Last Quarter
1168,2008-05-24,Off West End Grand Bahama Island BAHAMAS,-5.0,Full Moon
1169,2008-05-24,Playa Linda Guerro MEXICO,-6.0,Full Moon
1170,2008-05-23,Pantla Beach Guerro MEXICO,-6.0,Full Moon
1171,2008-05-14,Turtle Island Yasawa Islands FIJI,13.0,First Quarter
1172,2008-05-10,Albany Western Australia AUSTRALIA,8.0,First Quarter
1173,2008-05-07,Hienghène North Province NEW CALEDONIA,,New Moon
1174,2008-05-07,"New Smyrna Beach, Volusia County Florida USA",-5.0,New Moon
1175,2008-05-01,,,Last Quarter
1176,2008-04-28,Troncones Beach Guerro MEXICO,-6.0,Last Quarter
1177,2008-04-28,"New Smyrna Beach, Volusia County Florida USA",-5.0,Last Quarter
1178,2008-04-27,"New Smyrna Beach, Volusia County Florida USA",-5.0,Last Quarter
1179,2008-04-26,Poindimié North Province NEW CALEDONIA,11.0,Last Quarter
1180,2008-04-26,"New Smyrna Beach, Volusia County Florida USA",-5.0,Last Quarter
1181,2008-04-25,"Solana Beach, San Diego County California USA",-8.0,Last Quarter
1182,2008-04-20,"New Smyrna Beach, Volusia County Florida USA",-5.0,Full Moon
1183,2008-04-20,Crescent Head New South Wales AUSTRALIA,11.0,Full Moon
1184,2008-04-19,Aliwal Shoal KwaZulu-Natal SOUTH AFRICA,2.0,Full Moon
1185,2008-04-18,"Delfines Beach, Cancun Quintana Roo MEXICO",-5.0,Full Moon
1186,2008-04-17,"Duranbah, Greenmount Beach Queensland AUSTRALIA",11.0,Full Moon
1187,2008-04-15,"Playalinda Beach, Canaveral National Seashore, Brevard County Florida USA",-5.0,First Quarter
1188,2008-04-09,,,New Moon
1189,2008-03-25,"Palm Beach Shores, Palm Beach County Florida USA",-5.0,Full Moon
1190,2008-04-08,"1.4 miles south of Ponce de Leon Jetty, New Smyrna Beach, Volusia County Florida USA",-5.0,New Moon
1191,2008-04-08,"Lighthouse Beach, Ballina New South Wales AUSTRALIA",11.0,New Moon
1192,2008-04-03,"South of Ponce de Leon Jetty, New Smyrna Beach, Volusia County Florida USA",-5.0,New Moon
1193,2008-03-28,Scottburgh KwaZulu-Natal SOUTH AFRICA,2.0,Last Quarter
1194,2008-03-28,"New Smyrna Beach / Ponce Inlet, Volusia County Florida USA",-5.0,Last Quarter
1195,2008-03-28,"Near Cocoa Beach, Brevard  County Florida USA",-5.0,Last Quarter
1196,2008-03-23,"South of Ponce de Leon Jetty, New Smyrna Beach, Volusia County Florida USA",-5.0,Full Moon
1197,2008-03-21,"Beachway Avenue Approach, New Smyrna Beach, Volusia County Florida USA",-5.0,Full Moon
1198,2008-03-15,"Lovers Key State Park, Bonita Springs, Lee County Florida USA",-5.0,First Quarter
1199,2008-03-07," Huntington Beach, Orange County California USA",-8.0,New Moon
1200,2008-02-24,"Dive site known as ""The End of the Map"" Northern Bahamas BAHAMAS",,Full Moon
1201,2008-02-21,Tahiti Society Islands FRENCH POLYNESIA,-10.0,Full Moon
1202,2008-02-15,"Ponce Inlet, Volusia County Florida USA",-5.0,First Quarter
1203,2008-02-07,Horseshoe Bay New South Wales AUSTRALIA,11.0,New Moon
1204,2008-02-06,"Opposite Patrick Air Force Base, Brevard County Florida USA",,New Moon
1205,2008-01-30,,,Last Quarter
1206,2008-01-29,"Suncoast Pirates Beach, Durban KwaZulu-Natal SOUTH AFRICA",2.0,Last Quarter
1207,2008-01-27,200 km east of Coolangatta   Queensland AUSTRALIA,10.0,Last Quarter
1208,2008-01-19,Marfells Beach South Island NEW ZEALAND,13.0,First Quarter
1209,2008-01-14,Omaha Beach North Island NEW ZEALAND,13.0,First Quarter
1210,2008-01-10,"Playalinda Beach, Canaveral National Seashore, Brevard County Florida USA",-5.0,New Moon
1211,2007-12-21,San Cristobal Island Galapagos Islands ECUADOR,-6.0,Full Moon
1212,2007-12-19,,,First Quarter
1213,2007-12-18,Jimmy's Beach New South Wales AUSTRALIA,11.0,First Quarter
1214,2007-12-15,South Stradbroke Island Queensland AUSTRALIA,10.0,First Quarter
1215,2007-12-14,Bondi  New South Wales AUSTRALIA,11.0,First Quarter
1216,2007-12-10,"Waialua Bay, O'ahu Hawaii USA",-10.0,New Moon
1217,2007-12-09,Kaikoura South Island NEW ZEALAND,13.0,New Moon
1218,2007-12-07,Itamaracá Pernambuco BRAZIL,,New Moon
1219,2007-11-18,In a tidal creek    5 km from Wickham Western Australia AUSTRALIA,,First Quarter
1220,2007-11-08,"Wategos Beach, Byon Bay New South Wales AUSTRALIA",11.0,New Moon
1221,2007-11-07,The Strand Western Cape Province SOUTH AFRICA,2.0,New Moon
1222,2007-11-06,"New Smyrna Beach, Volusia County Florida USA",-5.0,New Moon
1223,2007-11-04,"Round Island Park, Indian River County Florida USA",-5.0,Last Quarter
1224,2007-11-03,Bonza Bay Eastern Cape Province SOUTH AFRICA,2.0,Last Quarter
1225,2007-10-29,Byron Bay New South Wales AUSTRALIA,11.0,Full Moon
1226,2007-10-15,Holmes Reef Queensland AUSTRALIA,10.0,New Moon
1227,2007-10-13,"Venice Pier, Venice, Los Angeles County California USA",,New Moon
1228,2007-10-07,"Playalinda Beach, Canaveral National Seashore, Brevard County Florida USA",-5.0,Last Quarter
1229,2007-10-06,"Santa Monica, Los Angeles County California USA",-8.0,Last Quarter
1230,2007-09-30,Off Cagayancillo Palawan PHILIPPINES,,Full Moon
1231,2007-09-30,"Bay of Luengoni, Lifou Island Loyalty Islands NEW CALEDONIA",,Full Moon
1232,2007-09-30,Sweetings Cay Grand Bahama Island BAHAMAS,,Full Moon
1233,2007-09-28,"Moonstone Beach, Humboldt County California USA",-8.0,Full Moon
1234,2007-09-27,Daedalus Reef  Red Sea EGYPT,2.0,Full Moon
1235,2007-09-27,Jupiter Inlet Florida USA,-5.0,Full Moon
1236,2007-09-22,Huguenot Park Florida USA,-5.0,First Quarter
1237,2007-09-22,"New Smyrna Beach, Volusia County Florida USA",-5.0,First Quarter
1238,2007-09-20,Kicha Island Marovo Lagoon SOLOMON ISLANDS,,First Quarter
1239,2007-09-17,"New Smyrna Beach, Volusia County Florida USA",-5.0,First Quarter
1240,2007-09-16,"Flagler Beach, Flagler County Florida USA",-5.0,First Quarter
1241,2007-09-16,"Lauderdale-by-the-Sea, Broward County Florida USA",-5.0,First Quarter
1242,2007-09-13,"Pepper Park Beach, St. Lucie County Florida USA",-5.0,New Moon
1243,2007-09-08,"Daytona Beach, Volusia County Florida USA",-5.0,New Moon
1244,2007-09-05,Sullivan's Island South Carolina USA,-5.0,Last Quarter
1245,2007-09-04,"Daytona Beach, Volusia County Florida USA",-5.0,Last Quarter
1246,2007-09-03,"Fort Lauderdale, Broward County Florida USA",-5.0,Last Quarter
1247,2007-09-03,"Ka'a'awa, Oahu Hawaii USA",-10.0,Last Quarter
1248,2007-08-28,"Marina State Beach, Monterey County California USA",-8.0,Full Moon
1249,2007-08-28,"New Smyrna Beach, Volusia County Florida USA",-5.0,Full Moon
1250,2007-08-26,"New Smyrna Beach, Volusia County Florida USA",-5.0,Full Moon
1251,2007-08-25,North Carolina Aquarium at Fort Fisher North Carolina USA,-5.0,Full Moon
1252,2007-08-22,"Indian River Inlet, Rehoboth Beach Delaware USA",-5.0,First Quarter
1253,2007-08-20,"Islamorada Founder's Park, Plantation Key, Monroe County Florida USA",-5.0,First Quarter
1254,2007-08-19,"New Smyrna Beach, Volusia County Florida USA",-5.0,First Quarter
1255,2007-08-19,"Lakewood Campground, Grand Strand, Horry County South Carolina USA",-5.0,First Quarter
1256,2007-08-19,Sarasota Bay Florida USA,-5.0,First Quarter
1257,2007-08-15,"New Smyrna Beach, Volusia County Florida USA",-5.0,New Moon
1258,2007-08-12,"Ponce Inlet,  New Smyrna Beach, Volusia County Florida USA",-5.0,New Moon
1259,2007-08-11,"Isle of Palms, Charleston County South Carolina USA",-5.0,New Moon
1260,2007-08-09,"Isle of Palms, Charleston County South Carolina USA",-5.0,Last Quarter
1261,2007-08-09,"Islamorada, Monroe County Florida USA",,Last Quarter
1262,2007-08-07,"Ponce Inlet, Volusia County Florida USA",,Last Quarter
1263,2007-07-29,"Imperial Beach, San Diego County California USA",-8.0,Full Moon
1264,2007-07-28,"Malibu, Los Angeles County California USA",-8.0,Full Moon
1265,2007-07-22,"Bean Hollow State Beach, San Mateo County California USA",-8.0,First Quarter
1266,2007-07-21,"Bellows Beach near Wailea Point, O’ahu Hawaii USA",-10.0,First Quarter
1267,2007-07-19,Direction Island Territory of Cocos (Keeling) Islands AUSTRALIA,6.0,First Quarter
1268,2007-07-19,"North Topsail Beach, Onslow  County North Carolina USA",-5.0,First Quarter
1269,2007-07-18,Sjøstrand Oslo Fjord NORWAY,,New Moon
1270,2007-07-18,"Faria Beach, Ventura County California USA",,New Moon
1271,2007-07-17,"Atlantic Beach, Carteret County North Carolina USA",-5.0,New Moon
1272,2007-07-17,Allan-Pensacola Cay Abaco Islands BAHAMAS,-5.0,New Moon
1273,2007-07-10,"Ponce Inlet, Volusia County Florida USA",-5.0,Last Quarter
1274,2007-07-05,,,Last Quarter
1275,2007-07-04,,,Full Moon
1276,2007-06-30,"Will Rogers State Beach, Los Angeles County California USA",-8.0,Full Moon
1277,2007-06-30,"New Smyrna Beach, Volusia County Florida USA",-5.0,Full Moon
1278,2007-06-25,"Silva's Channel, Mokuleia, O'ahu Hawaii USA",,First Quarter
1279,2007-06-24,"Vilano Beach, St.  Johns County Florida USA",-5.0,First Quarter
1280,2007-06-17,"Turtle Beach, Siesta Key, Sarasota County Florida USA",-5.0,New Moon
1281,2007-06-12,"Shelly Beach, Crescent Head New South Wales AUSTRALIA",11.0,New Moon
1282,2007-06-05,Garden City South Carolina USA,-5.0,Last Quarter
1283,2007-05-26,"Virginia Aquarium & Marine Science Center, Virginia Beach  Virginia USA",-5.0,First Quarter
1284,2007-05-24,Folkestone Kent ENGLAND,0.0,First Quarter
1285,2007-05-17,"Warra Beach, Coral Bay Western Australia AUSTRALIA",,New Moon
1286,2007-05-16,Warrnambool Victoria AUSTRALIA,11.0,New Moon
1287,2007-05-12,"New Smyrna Beach, Volusia County Florida USA",-5.0,Last Quarter
1288,2007-05-10,,,Last Quarter
1289,2007-05-09,Kingscliff Beach New South Wales AUSTRALIA,,Last Quarter
1290,2007-05-08,"Keawakapu Beach, Maui Hawaii USA",-10.0,Last Quarter
1291,2007-05-07,Naples Florida USA,,Last Quarter
1292,2007-05-07,,,Last Quarter
1293,2007-05-04,,,Full Moon
1294,2007-04-26,"Hutchinson Island, St. Lucie County Florida USA",-5.0,First Quarter
1295,2007-04-22,"New Smyrna Beach, Volusia County Florida USA",-5.0,First Quarter
1296,2007-04-20,"Florida Keys, Monroe County Florida USA",-5.0,New Moon
1297,2007-04-13,Dumbéa South Province NEW CALEDONIA,11.0,Last Quarter
1298,2007-04-09,"New Smyrna Beach, Volusia County Florida USA",-5.0,Last Quarter
1299,2007-04-01,"Normandy Beach, Hutchinson Island,  St. Lucie County Florida USA",-5.0,Full Moon
1300,2007-03-31,"Waveland Beach, Hutchinson Island, St. Lucie County Florida USA",-5.0,Full Moon
1301,2007-03-31,Ras-Alkalb Muhafazat Hadramawt YEMEN,,Full Moon
1302,2007-03-22,Jupiter Inlet Florida USA,-5.0,New Moon
1303,2007-03-21,South Golden Beach New South Wales AUSTRALIA,11.0,New Moon
1304,2007-03-20,Delray Beach Florida USA,,New Moon
1305,2007-03-14,"Moore Park, north of Bundaberg Queensland AUSTRALIA",10.0,Last Quarter
1306,2007-03-12,"Tiger Shores Beach, Martin County Florida USA",,Last Quarter
1307,2007-03-11,Penhryn Island Cook islans NEW ZEALAND,-10.0,Last Quarter
1308,2007-03-05,,,Full Moon
1309,2007-02-04,Shelly Beach New South Wales AUSTRALIA,,Full Moon
1310,2007-02-03,Ouvéa Loyalty Islands NEW CALEDONIA,11.0,Full Moon
1311,2007-01-25,100 miles off Ft. Myers Beach Florida USA,-5.0,First Quarter
1312,2007-01-25,Cape Howe New South Wales AUSTRALIA,11.0,First Quarter
1313,2007-01-23,Brunswick Heads New South Wales AUSTRALIA,11.0,First Quarter
1314,2007-01-19,"Second Beach, Port St. John's Eastern Cape Province SOUTH AFRICA",2.0,New Moon
1315,2007-01-14,Sandbar Beach New South Wales AUSTRALIA,11.0,Last Quarter
1316,2007-01-09,"Smith Point, Long Island New York USA",-5.0,Last Quarter
1317,2007-01-07,"Majors Bay, Kaua'i Hawaii USA",-10.0,Last Quarter
